season,player_name,team,position,pa,ab,hits,doubles,triples,home_runs,walks,strikeouts,stolen_bases,batting_average,obp,slg,ops,iso,bb_rate,k_rate,hr_rate,bb_k_ratio,source_note,player_id,contact_score,power_score,discipline_score,hitter_value_score,player_value_score,player_type
2026,郭天信,味全龍,野手,489,441,112,14,4,9,35,45,23,0.254,0.311,0.365,0.676,0.111,0.0695,0.092,0.0184,0.87,CPBL 官方全記錄查詢,0000005549,25.4,37.4,53.0,35.7,35.7,打者
2026,曾子祐,台鋼雄鷹,野手,482,422,120,16,4,2,43,45,6,0.284,0.352,0.355,0.707,0.071,0.0892,0.0934,0.0041,1.02,CPBL 官方全記錄查詢,0000006927,28.4,19.1,58.0,34.1,34.1,打者
2026,魔鷹,台鋼雄鷹,野手,469,412,122,34,1,19,47,71,2,0.296,0.362,0.522,0.884,0.226,0.081,0.1514,0.0405,0.68,CPBL 官方全記錄查詢,0000007239,29.599999999999998,78.0,51.1,49.1,49.1,打者
2026,范國宸,富邦悍將,野手,428,385,111,18,0,13,35,69,2,0.288,0.35,0.436,0.786,0.148,0.0771,0.1612,0.0304,0.57,CPBL 官方全記錄查詢,0000002352,28.799999999999997,53.5,48.9,41.5,41.5,打者
2026,張政禹,味全龍,野手,423,374,106,16,1,1,38,60,33,0.283,0.348,0.34,0.688,0.057,0.0851,0.1418,0.0024,0.67,CPBL 官方全記錄查詢,0000005542,28.299999999999997,14.8,52.1,31.9,31.9,打者
2026,潘傑楷,統一7-ELEVEn獅,野手,431,372,115,26,0,3,51,65,5,0.309,0.399,0.403,0.802,0.094,0.116,0.1508,0.007,0.86,CPBL 官方全記錄查詢,0000002707,30.9,26.3,59.2,38.4,38.4,打者
2026,馬傑森,樂天桃猿,野手,391,350,96,15,1,3,20,44,2,0.274,0.325,0.349,0.674,0.075,0.0512,0.1125,0.0077,0.64,CPBL 官方全記錄查詢,0000006240,27.400000000000002,22.3,46.7,32.1,32.1,打者
2026,李凱威,味全龍,野手,426,372,97,9,3,3,40,44,19,0.261,0.338,0.325,0.663,0.064,0.0939,0.1033,0.007,1.05,CPBL 官方全記錄查詢,0000005540,26.1,19.3,58.8,32.8,32.8,打者
2026,朱育賢,味全龍,野手,438,393,92,11,0,12,26,91,0,0.234,0.299,0.354,0.653,0.12,0.0594,0.2078,0.0274,0.43,CPBL 官方全記錄查詢,0000001318,23.400000000000002,45.1,42.7,34.8,34.8,打者
2026,陳聖平,統一7-ELEVEn獅,野手,357,320,75,11,3,5,23,43,5,0.234,0.286,0.334,0.62,0.1,0.0644,0.1204,0.014,0.6,CPBL 官方全記錄查詢,0000007268,23.400000000000002,32.1,48.4,32.3,32.3,打者
2026,王博玄,台鋼雄鷹,野手,397,367,114,13,1,1,15,56,22,0.311,0.341,0.36,0.701,0.049,0.0378,0.1411,0.0025,0.34,CPBL 官方全記錄查詢,0000005340,31.1,13.0,40.3,30.6,30.6,打者
2026,林子豪,統一7-ELEVEn獅,野手,347,314,83,11,3,4,28,58,2,0.264,0.327,0.357,0.684,0.093,0.0807,0.1671,0.0115,0.52,CPBL 官方全記錄查詢,0000006223,26.400000000000002,28.9,48.9,33.8,33.8,打者
2026,張育成,富邦悍將,野手,418,353,102,19,0,16,51,73,9,0.289,0.39,0.479,0.869,0.19,0.11,0.1746,0.0383,0.84,CPBL 官方全記錄查詢,0000006888,28.9,68.2,57.1,47.5,47.5,打者
2026,岳政華,中信兄弟,野手,347,297,67,12,2,6,31,71,6,0.226,0.302,0.34,0.642,0.114,0.0893,0.2046,0.0173,0.48,CPBL 官方全記錄查詢,0000005571,22.6,37.4,48.7,33.8,33.8,打者
2026,張仁瑋,中信兄弟,野手,424,388,115,16,2,4,27,44,14,0.296,0.336,0.379,0.715,0.083,0.0613,0.1038,0.0094,0.61,CPBL 官方全記錄查詢,0000006730,29.599999999999998,25.3,48.5,34.3,34.3,打者
2026,岳東華,中信兄弟,野手,355,322,88,17,2,3,24,64,4,0.273,0.325,0.366,0.691,0.093,0.0676,0.1803,0.0085,0.41,CPBL 官方全記錄查詢,0000002291,27.3,27.0,45.0,33.2,33.2,打者
2026,邱智呈,統一7-ELEVEn獅,野手,384,324,82,13,2,3,52,56,9,0.253,0.363,0.333,0.696,0.08,0.1354,0.1458,0.0078,1.02,CPBL 官方全記錄查詢,0000005531,25.3,23.6,64.5,35.1,35.1,打者
2026,江坤宇,中信兄弟,野手,395,332,94,12,2,2,32,39,3,0.283,0.362,0.349,0.711,0.066,0.081,0.0987,0.0051,1.15,CPBL 官方全記錄查詢,0000004636,28.299999999999997,18.6,57.6,34.0,34.0,打者
2026,王柏融,台鋼雄鷹,野手,372,340,86,15,0,7,21,78,6,0.253,0.304,0.359,0.663,0.106,0.0538,0.2097,0.0188,0.35,CPBL 官方全記錄查詢,0000000935,25.3,36.5,40.8,33.4,33.4,打者
2026,宋晟睿,中信兄弟,野手,323,279,72,16,4,5,27,55,12,0.258,0.33,0.398,0.728,0.14,0.0836,0.1703,0.0155,0.6,CPBL 官方全記錄查詢,0000006225,25.8,42.4,50.1,37.5,37.5,打者
2026,吳念庭,台鋼雄鷹,野手,406,349,90,15,1,0,50,40,3,0.258,0.348,0.307,0.655,0.049,0.1232,0.0985,0.0,1.28,CPBL 官方全記錄查詢,0000003649,25.8,11.5,66.5,32.2,32.2,打者
2026,林政華,樂天桃猿,野手,294,251,63,9,1,2,24,43,12,0.251,0.33,0.319,0.649,0.068,0.0816,0.1463,0.0068,0.7,CPBL 官方全記錄查詢,0000006235,25.1,20.1,51.6,31.4,31.4,打者
2026,劉基鴻,味全龍,野手,411,380,89,18,0,7,25,58,5,0.234,0.29,0.337,0.627,0.103,0.0584,0.1411,0.017,0.52,CPBL 官方全記錄查詢,0000005545,23.400000000000002,34.7,45.8,32.6,32.6,打者
2026,戴培峰,富邦悍將,野手,281,232,51,6,2,1,33,36,1,0.22,0.315,0.276,0.591,0.056,0.1174,0.1281,0.0036,0.97,CPBL 官方全記錄查詢,0000004645,22.0,15.3,61.3,30.0,30.0,打者
2026,陳子豪,味全龍,野手,340,297,59,10,2,3,36,57,2,0.199,0.294,0.276,0.57,0.077,0.1059,0.1676,0.0088,0.72,CPBL 官方全記錄查詢,0000000743,19.900000000000002,23.5,55.4,29.8,29.8,打者
2026,高宇杰,中信兄弟,野手,332,298,88,10,0,2,19,44,2,0.295,0.335,0.349,0.684,0.054,0.0572,0.1325,0.006,0.48,CPBL 官方全記錄查詢,0000002285,29.5,16.4,45.5,31.4,31.4,打者
2026,王威晨,中信兄弟,野手,370,335,94,12,4,1,29,33,6,0.281,0.339,0.349,0.688,0.068,0.0784,0.0892,0.0027,0.94,CPBL 官方全記錄查詢,0000000929,28.1,17.6,55.4,32.9,32.9,打者
2026,宋嘉翔,樂天桃猿,野手,268,240,44,2,1,2,10,49,0,0.183,0.224,0.225,0.449,0.042,0.0373,0.1828,0.0075,0.27,CPBL 官方全記錄查詢,0000006854,18.3,14.5,38.0,22.4,22.4,打者
2026,陳文杰,台鋼雄鷹,野手,391,354,98,20,4,3,26,43,8,0.277,0.333,0.381,0.714,0.104,0.0665,0.11,0.0077,0.72,CPBL 官方全記錄查詢,0000000772,27.700000000000003,29.1,50.3,35.0,35.0,打者
2026,王順和,味全龍,野手,321,278,73,6,6,4,32,80,15,0.263,0.349,0.371,0.72,0.108,0.0997,0.2492,0.0125,0.48,CPBL 官方全記錄查詢,0000006216,26.3,33.0,49.0,35.4,35.4,打者
2026,王念好,富邦悍將,野手,322,279,59,13,2,6,37,77,3,0.211,0.304,0.337,0.641,0.126,0.1149,0.2391,0.0186,0.51,CPBL 官方全記錄查詢,0000007089,21.099999999999998,41.0,52.4,34.7,34.7,打者
2026,陳傑憲,統一7-ELEVEn獅,野手,372,317,101,8,3,5,47,37,7,0.319,0.401,0.41,0.811,0.091,0.1156,0.0995,0.0134,1.27,CPBL 官方全記錄查詢,0000001804,31.900000000000002,29.6,65.0,40.3,40.3,打者
2026,陳晨威,樂天桃猿,野手,387,345,100,12,2,6,34,35,22,0.29,0.35,0.388,0.738,0.098,0.0827,0.0904,0.0155,0.97,CPBL 官方全記錄查詢,0000004633,28.999999999999996,32.5,56.4,37.4,37.4,打者
2026,陳重羽,統一7-ELEVEn獅,野手,290,247,75,10,0,1,25,43,6,0.304,0.375,0.356,0.731,0.052,0.0862,0.1483,0.0034,0.7,CPBL 官方全記錄查詢,0000002298,30.4,14.3,52.3,33.2,33.2,打者
2026,王苡丞,富邦悍將,野手,320,294,71,9,1,6,20,53,4,0.241,0.295,0.34,0.635,0.099,0.0625,0.1656,0.0187,0.43,CPBL 官方全記錄查詢,0000006736,24.099999999999998,34.8,44.8,32.8,32.8,打者
2026,林澤彬,富邦悍將,野手,360,311,101,11,4,0,29,28,6,0.325,0.381,0.386,0.767,0.061,0.0806,0.0778,0.0,1.14,CPBL 官方全記錄查詢,0000005510,32.5,14.3,58.2,35.3,35.3,打者
2026,林子偉,樂天桃猿,野手,352,325,82,13,2,3,14,41,20,0.252,0.29,0.332,0.622,0.08,0.0398,0.1165,0.0085,0.44,CPBL 官方全記錄查詢,0000001618,25.2,24.0,42.5,30.2,30.2,打者
2026,紀慶然,台鋼雄鷹,野手,260,235,57,7,1,0,20,42,5,0.243,0.301,0.281,0.582,0.038,0.0731,0.1615,0.0,0.48,CPBL 官方全記錄查詢,0000006929,24.3,8.9,47.3,26.8,26.8,打者
2026,林泓育,樂天桃猿,野手,336,309,80,19,1,3,19,50,0,0.259,0.304,0.356,0.66,0.097,0.0565,0.1488,0.0089,0.44,CPBL 官方全記錄查詢,0000003467,25.900000000000002,28.2,44.4,32.3,32.3,打者
2026,劉俊緯,味全龍,野手,264,241,70,6,2,3,14,34,7,0.29,0.34,0.369,0.709,0.079,0.0492,0.1288,0.0114,0.56,CPBL 官方全記錄查詢,0000007079,28.999999999999996,25.6,44.9,33.6,33.6,打者
2026,黃韋盛,中信兄弟,野手,269,244,64,12,1,2,20,40,4,0.262,0.317,0.344,0.661,0.082,0.0743,0.1487,0.0074,0.53,CPBL 官方全記錄查詢,0000005298,26.200000000000003,23.8,48.5,32.1,32.1,打者
2026,李勛傑,樂天桃猿,野手,280,245,57,14,0,6,31,82,0,0.233,0.321,0.363,0.684,0.13,0.1107,0.2929,0.0214,0.4,CPBL 官方全記錄查詢,0000007076,23.3,43.7,48.7,36.1,36.1,打者
2026,林泓弦,統一7-ELEVEn獅,野手,199,181,41,3,3,0,11,23,1,0.227,0.278,0.276,0.554,0.049,0.0553,0.1156,0.0,0.57,CPBL 官方全記錄查詢,0000007071,22.7,11.5,46.6,26.3,26.3,打者
2026,朱迦恩,統一7-ELEVEn獅,野手,255,232,66,9,3,5,14,59,7,0.284,0.336,0.414,0.75,0.13,0.0549,0.2314,0.0196,0.32,CPBL 官方全記錄查詢,0000005522,28.4,42.6,40.0,37.1,37.1,打者
2026,孔念恩,富邦悍將,野手,303,282,82,16,3,1,11,70,10,0.291,0.315,0.379,0.694,0.088,0.0363,0.231,0.0033,0.19,CPBL 官方全記錄查詢,0000006738,29.099999999999998,22.6,35.3,31.2,31.2,打者
2026,蔣少宏,味全龍,野手,226,212,46,8,0,2,6,38,0,0.217,0.247,0.283,0.53,0.066,0.0265,0.1681,0.0088,0.24,CPBL 官方全記錄查詢,0000005291,21.7,20.9,36.3,25.9,25.9,打者
2026,張士綸,中信兄弟,野手,332,295,97,10,1,2,25,33,16,0.329,0.384,0.39,0.774,0.061,0.0753,0.0994,0.006,0.88,CPBL 官方全記錄查詢,0000007085,32.9,18.0,53.9,35.7,35.7,打者
2026,蘇智傑,統一7-ELEVEn獅,野手,289,267,68,13,2,8,16,32,5,0.255,0.301,0.408,0.709,0.153,0.0554,0.1107,0.0277,0.59,CPBL 官方全記錄查詢,0000001474,25.5,53.0,47.0,38.7,38.7,打者
2026,林智平,樂天桃猿,野手,257,236,62,8,0,1,15,29,0,0.263,0.316,0.309,0.625,0.046,0.0545,0.1128,0.0039,0.66,CPBL 官方全記錄查詢,0000003345,26.3,13.2,47.5,29.1,29.1,打者
2026,林辰勳,味全龍,野手,187,157,40,4,1,0,17,33,0,0.255,0.324,0.293,0.617,0.038,0.0909,0.1765,0.0,0.55,CPBL 官方全記錄查詢,0000006217,25.5,8.9,50.7,28.4,28.4,打者
2026,申皓瑋,富邦悍將,野手,243,221,57,11,1,2,15,50,3,0.258,0.313,0.344,0.657,0.086,0.0617,0.2058,0.0082,0.38,CPBL 官方全記錄查詢,0000000362,25.8,25.2,42.7,31.4,31.4,打者
2026,陳俊秀,中信兄弟,野手,254,216,55,8,0,4,34,52,0,0.255,0.354,0.347,0.701,0.092,0.1299,0.2047,0.0157,0.67,CPBL 官方全記錄查詢,0000003609,25.5,31.3,57.9,35.8,35.8,打者
2026,曾頌恩,中信兄弟,野手,231,200,57,12,0,6,26,35,1,0.285,0.359,0.435,0.794,0.15,0.1126,0.1515,0.026,0.74,CPBL 官方全記錄查詢,0000005569,28.499999999999996,51.2,57.4,42.4,42.4,打者
2026,梁家榮,樂天桃猿,野手,246,220,59,15,0,1,22,35,1,0.268,0.335,0.35,0.685,0.082,0.0894,0.1423,0.0041,0.66,CPBL 官方全記錄查詢,0000000132,26.8,21.7,52.7,33.0,33.0,打者
2026,李丞齡,統一7-ELEVEn獅,野手,173,167,39,3,1,5,5,31,1,0.234,0.254,0.353,0.607,0.119,0.0289,0.1792,0.0289,0.16,CPBL 官方全記錄查詢,0000004641,23.400000000000002,45.8,35.5,32.8,32.8,打者
2026,張皓崴,統一7-ELEVEn獅,野手,196,176,52,6,3,0,15,27,10,0.295,0.349,0.364,0.713,0.069,0.0765,0.1378,0.0,0.56,CPBL 官方全記錄查詢,0000007037,29.5,16.1,49.5,32.6,32.6,打者
2026,詹子賢,中信兄弟,野手,238,214,54,11,0,2,21,35,0,0.252,0.324,0.332,0.656,0.08,0.0882,0.1471,0.0084,0.66,CPBL 官方全記錄查詢,0000002297,25.2,23.9,52.3,32.4,32.4,打者
2026,劉時豪,台鋼雄鷹,野手,205,172,40,4,0,2,23,28,1,0.233,0.347,0.291,0.638,0.058,0.1122,0.1366,0.0098,1.07,CPBL 官方全記錄查詢,0000001258,23.3,19.7,61.1,32.1,32.1,打者
2026,吉力吉撈．鞏冠,味全龍,野手,244,211,44,6,0,3,26,52,1,0.209,0.303,0.28,0.583,0.071,0.1025,0.2131,0.0123,0.58,CPBL 官方全記錄查詢,0000003625,20.9,24.2,51.8,29.9,29.9,打者
2026,董子恩,富邦悍將,野手,246,226,60,11,0,1,11,14,2,0.265,0.31,0.327,0.637,0.062,0.0447,0.0569,0.0041,1.14,CPBL 官方全記錄查詢,0000006737,26.5,17.0,52.5,30.9,30.9,打者
2026,曾昱磬,台鋼雄鷹,野手,180,134,24,1,0,1,37,29,9,0.179,0.373,0.209,0.582,0.03,0.2056,0.1611,0.0056,1.45,CPBL 官方全記錄查詢,0000007301,17.9,10.5,80.9,30.9,30.9,打者
2026,陳世嘉,台鋼雄鷹,野手,122,107,14,2,0,0,9,21,0,0.131,0.212,0.15,0.362,0.019,0.0738,0.1721,0.0,0.52,CPBL 官方全記錄查詢,0000007064,13.100000000000001,4.4,47.5,18.8,18.8,打者
2026,王政順,中信兄弟,野手,178,153,37,3,0,0,17,39,0,0.242,0.328,0.261,0.589,0.019,0.0955,0.2191,0.0,0.54,CPBL 官方全記錄查詢,0000002307,24.2,4.4,49.9,26.5,26.5,打者
2026,池恩齊,富邦悍將,野手,209,189,42,3,2,0,11,57,9,0.222,0.264,0.259,0.523,0.037,0.0526,0.2727,0.0,0.19,CPBL 官方全記錄查詢,0000006806,22.2,8.7,36.8,23.5,23.5,打者
2026,葉子霆,富邦悍將,野手,173,143,30,3,1,0,13,18,6,0.21,0.293,0.245,0.538,0.035,0.0751,0.104,0.0,1.0,CPBL 官方全記錄查詢,0000006229,21.0,8.2,54.9,26.2,26.2,打者
2026,郭阜林,台鋼雄鷹,野手,150,140,35,5,0,1,7,32,0,0.25,0.3,0.307,0.607,0.057,0.0467,0.2133,0.0067,0.31,CPBL 官方全記錄查詢,0000001291,25.0,17.5,39.0,28.0,28.0,打者
2026,成晉,樂天桃猿,野手,162,143,33,3,0,0,8,25,3,0.231,0.297,0.252,0.549,0.021,0.0494,0.1543,0.0,0.56,CPBL 官方全記錄查詢,0000000159,23.1,4.9,44.1,24.6,24.6,打者
2026,劉俊豪,富邦悍將,野手,80,73,15,0,0,0,5,10,0,0.205,0.256,0.205,0.461,0.0,0.0625,0.125,0.0,0.5,CPBL 官方全記錄查詢,0000006743,20.5,0.0,46.9,21.5,21.5,打者
2026,宋柏翰,台鋼雄鷹,野手,132,107,25,6,0,2,18,25,0,0.234,0.331,0.346,0.677,0.112,0.1364,0.1894,0.0152,0.72,CPBL 官方全記錄查詢,0000007302,23.400000000000002,35.6,60.1,36.0,36.0,打者
2026,周佳樂,富邦悍將,野手,46,40,9,1,1,0,4,9,2,0.225,0.311,0.3,0.611,0.075,0.087,0.1957,0.0,0.56,CPBL 官方全記錄查詢,0000006868,22.5,17.5,49.4,29.2,29.2,打者
2026,張祐嘉,味全龍,野手,85,79,18,2,0,0,3,24,3,0.228,0.262,0.253,0.515,0.025,0.0235,0.2824,0.0,0.17,CPBL 官方全記錄查詢,0000006725,22.8,5.8,31.0,22.0,22.0,打者
2026,何品室融,樂天桃猿,野手,160,139,23,5,0,1,14,40,6,0.165,0.269,0.223,0.492,0.058,0.0875,0.25,0.0063,0.5,CPBL 官方全記錄查詢,0000007288,16.5,17.5,47.0,24.9,24.9,打者
2026,藍寅倫,台鋼雄鷹,野手,128,115,36,6,0,1,11,19,9,0.313,0.375,0.391,0.766,0.078,0.0859,0.1484,0.0078,0.63,CPBL 官方全記錄查詢,0000003533,31.3,23.1,51.6,35.9,35.9,打者
2026,嚴宏鈞,樂天桃猿,野手,81,68,11,0,1,0,4,21,0,0.162,0.24,0.191,0.431,0.029,0.0494,0.2593,0.0,0.33,CPBL 官方全記錄查詢,0000004032,16.2,6.8,38.1,20.0,20.0,打者
2026,林立,樂天桃猿,野手,159,149,43,5,1,1,6,21,3,0.289,0.318,0.356,0.674,0.067,0.0189,0.1321,0.0063,0.33,CPBL 官方全記錄查詢,0000002286,28.9,19.6,37.1,30.4,30.4,打者
2026,劉子杰,樂天桃猿,野手,174,166,42,6,0,1,6,14,0,0.253,0.277,0.307,0.584,0.054,0.0345,0.0805,0.0057,0.43,CPBL 官方全記錄查詢,0000007018,25.3,16.2,42.7,27.8,27.8,打者
2026,林培緯,統一7-ELEVEn獅,野手,159,146,41,6,0,1,10,30,0,0.281,0.333,0.342,0.675,0.061,0.0629,0.1887,0.0063,0.4,CPBL 官方全記錄查詢,0000006851,28.1,18.2,43.7,31.0,31.0,打者
2026,陳鏞基,統一7-ELEVEn獅,野手,126,110,29,1,0,1,14,17,2,0.264,0.341,0.3,0.641,0.036,0.1111,0.1349,0.0079,0.82,CPBL 官方全記錄查詢,0000002661,26.400000000000002,13.3,58.5,31.1,31.1,打者
2026,童堉誠,富邦悍將,野手,144,123,32,2,2,0,15,32,4,0.26,0.361,0.309,0.67,0.049,0.1042,0.2222,0.0,0.63,CPBL 官方全記錄查詢,0000005336,26.0,11.5,52.3,30.4,30.4,打者
2026,威克,樂天桃猿,野手,191,173,40,9,2,8,12,35,5,0.231,0.288,0.445,0.733,0.214,0.0576,0.1832,0.0419,0.43,CPBL 官方全記錄查詢,0000007822,23.1,76.1,43.3,42.8,42.8,打者
2026,許庭綸,中信兄弟,野手,104,89,16,4,1,1,9,16,0,0.18,0.288,0.281,0.569,0.101,0.0865,0.1538,0.0096,0.88,CPBL 官方全記錄查詢,0000007278,18.0,29.6,54.0,30.4,30.4,打者
2026,拿莫．伊漾,味全龍,野手,71,66,16,2,0,4,4,25,0,0.242,0.296,0.455,0.751,0.213,0.0563,0.3521,0.0563,0.2,CPBL 官方全記錄查詢,0000005546,24.2,84.8,34.8,43.9,43.9,打者
2026,張翔,統一7-ELEVEn獅,野手,104,98,23,3,1,1,3,19,0,0.235,0.265,0.316,0.581,0.081,0.0288,0.1827,0.0096,0.21,CPBL 官方全記錄查詢,0000006716,23.5,24.9,35.9,28.1,28.1,打者
2026,林書逸,富邦悍將,野手,95,84,19,3,1,0,9,21,1,0.226,0.309,0.286,0.595,0.06,0.0947,0.2211,0.0,0.48,CPBL 官方全記錄查詢,0000001754,22.6,14.0,49.1,28.1,28.1,打者
2026,林承飛,樂天桃猿,野手,125,116,21,3,0,1,7,23,0,0.181,0.234,0.233,0.467,0.052,0.056,0.184,0.008,0.35,CPBL 官方全記錄查詢,0000000153,18.099999999999998,17.1,42.1,23.9,23.9,打者
2026,曾聖安,味全龍,野手,110,95,16,1,0,1,12,27,4,0.168,0.259,0.211,0.47,0.043,0.1091,0.2455,0.0091,0.44,CPBL 官方全記錄查詢,0000007304,16.8,15.7,50.4,24.6,24.6,打者
2026,林祖傑,統一7-ELEVEn獅,野手,85,67,15,3,1,0,13,13,2,0.224,0.346,0.299,0.645,0.075,0.1529,0.1529,0.0,1.0,CPBL 官方全記錄查詢,0000001339,22.400000000000002,17.5,67.2,32.6,32.6,打者
2026,高聖恩,台鋼雄鷹,野手,78,72,20,2,2,0,3,21,3,0.278,0.312,0.361,0.673,0.083,0.0385,0.2692,0.0,0.19,CPBL 官方全記錄查詢,0000006936,27.800000000000004,19.4,34.4,29.7,29.7,打者
2026,余德龍,樂天桃猿,野手,59,52,11,0,1,2,3,13,3,0.212,0.25,0.365,0.615,0.153,0.0508,0.2203,0.0339,0.23,CPBL 官方全記錄查詢,0000003563,21.2,56.8,38.7,35.2,35.2,打者
2026,許基宏,中信兄弟,野手,132,108,20,5,1,0,20,29,0,0.185,0.326,0.25,0.576,0.065,0.1515,0.2197,0.0,0.79,CPBL 官方全記錄查詢,0000001119,18.5,15.2,62.5,29.1,29.1,打者
2026,林岱安,富邦悍將,野手,58,51,3,1,0,1,3,16,0,0.059,0.107,0.137,0.244,0.078,0.0517,0.2759,0.0172,0.19,CPBL 官方全記錄查詢,0000001606,5.8999999999999995,28.9,36.5,17.9,17.9,打者
2026,蔡佳諺,富邦悍將,野手,55,53,10,0,0,0,1,17,1,0.189,0.2,0.189,0.389,0.0,0.0182,0.3091,0.0,0.06,CPBL 官方全記錄查詢,0000006861,18.9,0.0,28.1,16.7,16.7,打者
2026,許賀捷,樂天桃猿,野手,38,34,6,0,0,0,3,12,2,0.176,0.243,0.176,0.419,0.0,0.0789,0.3158,0.0,0.25,CPBL 官方全記錄查詢,0000007589,17.599999999999998,0.0,40.6,19.0,19.0,打者
2026,林靖凱,統一7-ELEVEn獅,野手,73,67,11,1,0,1,3,12,0,0.164,0.208,0.224,0.432,0.06,0.0411,0.1644,0.0137,0.33,CPBL 官方全記錄查詢,0000004642,16.400000000000002,22.5,39.9,23.5,23.5,打者
2026,湯家豪,台鋼雄鷹,野手,68,54,14,0,1,0,9,7,1,0.259,0.394,0.296,0.69,0.037,0.1324,0.1029,0.0,1.71,CPBL 官方全記錄查詢,0000005333,25.900000000000002,8.7,72.3,33.3,33.3,打者
2026,林佳緯,統一7-ELEVEn獅,野手,104,100,16,1,0,0,3,32,1,0.16,0.192,0.17,0.362,0.01,0.0288,0.3077,0.0,0.13,CPBL 官方全記錄查詢,0000007070,16.0,2.3,30.7,16.4,16.4,打者
2026,林家鋐,台鋼雄鷹,野手,65,52,11,0,0,0,6,14,0,0.212,0.328,0.212,0.54,0.0,0.0923,0.2154,0.0,0.71,CPBL 官方全記錄查詢,0000006928,21.2,0.0,51.2,24.1,24.1,打者
2026,陳致嘉,台鋼雄鷹,野手,39,36,7,2,0,0,0,13,0,0.194,0.194,0.25,0.444,0.056,0.0,0.3333,0.0,0.0,CPBL 官方全記錄查詢,0000006926,19.400000000000002,13.1,23.3,20.0,20.0,打者
2026,林吳晉瑋,中信兄弟,野手,52,36,9,0,0,0,9,11,0,0.25,0.391,0.25,0.641,0.0,0.1538,0.2115,0.0,0.82,CPBL 官方全記錄查詢,0000006224,25.0,0.0,63.5,28.9,28.9,打者
2026,許哲晏,統一7-ELEVEn獅,野手,63,55,6,1,0,0,4,7,1,0.109,0.164,0.127,0.291,0.018,0.0635,0.1111,0.0,0.57,CPBL 官方全記錄查詢,0000005306,10.9,4.2,48.2,16.8,16.8,打者
2026,永田颯太郎,台鋼雄鷹,野手,111,100,32,2,0,1,9,12,1,0.32,0.378,0.37,0.748,0.05,0.0811,0.1081,0.009,0.83,CPBL 官方全記錄查詢,0000007833,32.0,17.3,54.1,34.8,34.8,打者
2026,王正棠,富邦悍將,野手,43,36,9,1,0,0,6,4,0,0.25,0.349,0.278,0.627,0.028,0.1395,0.093,0.0,1.5,CPBL 官方全記錄查詢,0000002305,25.0,6.5,71.9,31.2,31.2,打者
2026,林孝程,味全龍,野手,44,38,9,3,0,0,5,11,2,0.237,0.341,0.316,0.657,0.079,0.1136,0.25,0.0,0.55,CPBL 官方全記錄查詢,0000005548,23.7,18.5,52.2,31.1,31.1,打者
2026,田子杰,統一7-ELEVEn獅,野手,65,60,11,1,1,1,3,16,0,0.183,0.234,0.283,0.517,0.1,0.0462,0.2462,0.0154,0.25,CPBL 官方全記錄查詢,0000006847,18.3,33.0,37.2,27.5,27.5,打者
2026,冉皓燐,味全龍,野手,34,33,6,1,0,0,1,7,0,0.182,0.206,0.212,0.418,0.03,0.0294,0.2059,0.0,0.14,CPBL 官方全記錄查詢,0000006879,18.2,7.0,34.5,19.6,19.6,打者
2026,陳重廷,統一7-ELEVEn獅,野手,48,47,8,2,0,0,0,7,0,0.17,0.17,0.213,0.383,0.043,0.0,0.1458,0.0,0.0,CPBL 官方全記錄查詢,0000002289,17.0,10.1,29.9,18.5,18.5,打者
2026,張育豪,富邦悍將,野手,63,51,7,1,0,0,7,18,0,0.137,0.241,0.157,0.398,0.02,0.1111,0.2857,0.0,0.39,CPBL 官方全記錄查詢,0000007591,13.700000000000001,4.7,48.9,20.0,20.0,打者
2026,顏郁軒,台鋼雄鷹,野手,67,59,8,0,0,2,2,12,0,0.136,0.188,0.237,0.425,0.101,0.0299,0.1791,0.0299,0.33,CPBL 官方全記錄查詢,0000006939,13.600000000000001,42.2,37.4,26.3,26.3,打者
2026,張祐銘,味全龍,野手,59,50,15,5,1,2,5,11,0,0.3,0.407,0.56,0.967,0.26,0.0847,0.1864,0.0339,0.82,CPBL 官方全記錄查詢,0000005553,30.0,81.9,51.9,51.9,51.9,打者
2026,李宗賢,富邦悍將,野手,64,58,13,2,0,0,5,8,1,0.224,0.297,0.259,0.556,0.035,0.0781,0.125,0.0,0.75,CPBL 官方全記錄查詢,0000001473,22.400000000000002,8.2,52.2,26.5,26.5,打者
2026,李展毅,味全龍,野手,66,61,13,3,1,0,5,18,0,0.213,0.273,0.295,0.568,0.082,0.0758,0.2727,0.0,0.28,CPBL 官方全記錄查詢,0000006726,21.3,19.2,41.9,27.2,27.2,打者
2026,黃劼希,台鋼雄鷹,野手,50,43,8,2,0,1,5,13,2,0.186,0.3,0.302,0.602,0.116,0.1,0.26,0.02,0.54,CPBL 官方全記錄查詢,0000006931,18.6,39.6,49.3,32.6,32.6,打者
2026,林岳谷,富邦悍將,野手,69,61,17,2,0,0,4,10,6,0.279,0.318,0.311,0.629,0.032,0.058,0.1449,0.0,0.4,CPBL 官方全記錄查詢,0000006872,27.900000000000002,7.5,44.4,27.9,27.9,打者
2026,張洺瑀,富邦悍將,野手,74,63,14,1,1,0,11,18,1,0.222,0.338,0.27,0.608,0.048,0.1486,0.2432,0.0,0.61,CPBL 官方全記錄查詢,0000000361,22.2,11.2,59.3,29.3,29.3,打者
2026,顏清浤,台鋼雄鷹,野手,25,21,5,0,0,0,1,7,0,0.238,0.292,0.238,0.53,0.0,0.04,0.28,0.0,0.29,CPBL 官方全記錄查詢,0000006835,23.799999999999997,0.0,35.3,22.0,22.0,打者
2026,邦力多,富邦悍將,野手,75,70,16,3,0,0,5,13,1,0.229,0.28,0.271,0.551,0.042,0.0667,0.1733,0.0,0.38,CPBL 官方全記錄查詢,BATC39384F,22.900000000000002,9.8,44.7,25.6,25.6,打者
2026,陳思仲,味全龍,野手,32,30,4,0,0,0,1,9,0,0.133,0.188,0.133,0.321,0.0,0.0313,0.2813,0.0,0.22,CPBL 官方全記錄查詢,0000006728,13.3,0.0,33.0,14.8,14.8,打者
2026,道威聖,樂天桃猿,野手,55,50,11,3,0,0,4,14,0,0.22,0.291,0.28,0.571,0.06,0.0727,0.2545,0.0,0.36,CPBL 官方全記錄查詢,0000007806,22.0,14.0,42.8,26.5,26.5,打者
2026,張閔勛,樂天桃猿,野手,44,37,7,1,0,0,5,4,0,0.189,0.295,0.216,0.511,0.027,0.0909,0.0909,0.0,1.5,CPBL 官方全記錄查詢,0000002282,18.9,6.3,63.2,26.0,26.0,打者
2026,陳統恩,中信兄弟,野手,32,27,4,0,0,0,4,4,0,0.148,0.281,0.148,0.429,0.0,0.125,0.125,0.0,1.25,CPBL 官方全記錄查詢,0000006732,14.799999999999999,0.0,65.6,22.5,22.5,打者
2026,高捷,富邦悍將,野手,22,21,4,0,0,0,1,6,0,0.19,0.227,0.19,0.417,0.0,0.0455,0.2727,0.0,0.17,CPBL 官方全記錄查詢,0000007091,19.0,0.0,35.3,18.5,18.5,打者
2026,陳佳樂,樂天桃猿,野手,56,52,9,0,0,1,1,12,0,0.173,0.214,0.231,0.445,0.058,0.0179,0.2143,0.0179,0.25,CPBL 官方全記錄查詢,0000006858,17.299999999999997,24.7,33.2,23.4,23.4,打者
2026,朱盟,台鋼雄鷹,野手,28,27,4,1,0,0,0,6,0,0.148,0.148,0.185,0.333,0.037,0.0,0.2143,0.0,0.0,CPBL 官方全記錄查詢,0000007631,14.799999999999999,8.7,27.5,16.3,16.3,打者
2026,潘磊,統一7-ELEVEn獅,野手,39,37,5,0,0,1,0,11,0,0.135,0.154,0.216,0.37,0.081,0.0,0.2821,0.0256,0.09,CPBL 官方全記錄查詢,0000006843,13.5,34.9,26.0,21.9,21.9,打者
2026,王勝偉,富邦悍將,野手,36,29,6,0,0,1,4,8,0,0.207,0.324,0.31,0.634,0.103,0.1111,0.2222,0.0278,0.63,CPBL 官方全記錄查詢,0000003211,20.7,41.4,53.5,34.7,34.7,打者
2026,張趙紘,樂天桃猿,野手,46,40,6,2,0,0,6,11,1,0.15,0.261,0.2,0.461,0.05,0.1304,0.2391,0.0,0.55,CPBL 官方全記錄查詢,0000007312,15.0,11.7,55.6,24.1,24.1,打者
2026,張志豪,中信兄弟,野手,50,43,6,1,0,0,3,9,0,0.14,0.18,0.163,0.343,0.023,0.06,0.18,0.0,0.33,CPBL 官方全記錄查詢,0000003183,14.000000000000002,5.4,42.8,18.0,18.0,打者
2026,柯育民,統一7-ELEVEn獅,野手,35,32,2,0,0,0,1,10,1,0.063,0.091,0.063,0.154,0.0,0.0286,0.2857,0.0,0.1,CPBL 官方全記錄查詢,0000003645,6.3,0.0,31.1,9.4,9.4,打者
2026,胡冠俞,台鋼雄鷹,野手,30,26,5,1,0,0,2,9,0,0.192,0.276,0.231,0.507,0.039,0.0667,0.3,0.0,0.33,CPBL 官方全記錄查詢,0000004643,19.2,9.1,39.8,23.0,23.0,打者
2026,林瑞鈞,中信兄弟,野手,21,18,5,2,0,1,2,6,1,0.278,0.381,0.556,0.937,0.278,0.0952,0.2857,0.0476,0.5,CPBL 官方全記錄查詢,0000005567,27.800000000000004,94.6,47.1,52.6,52.6,打者
2026,吳柏萱,台鋼雄鷹,野手,23,22,5,0,0,0,1,8,0,0.227,0.261,0.227,0.488,0.0,0.0435,0.3478,0.0,0.13,CPBL 官方全記錄查詢,0000006938,22.7,0.0,32.0,20.3,20.3,打者
2026,全紹凱,統一7-ELEVEn獅,野手,27,25,6,2,0,0,1,5,0,0.24,0.259,0.32,0.579,0.08,0.037,0.1852,0.0,0.2,CPBL 官方全記錄查詢,0000007291,24.0,18.7,37.2,27.1,27.1,打者
2026,戴伯丞,統一7-ELEVEn獅,野手,18,17,2,0,0,0,0,7,2,0.118,0.118,0.118,0.236,0.0,0.0,0.3889,0.0,0.0,CPBL 官方全記錄查詢,0000007036,11.799999999999999,0.0,21.4,10.9,10.9,打者
2026,陳九登,中信兄弟,野手,19,16,5,1,0,0,3,4,0,0.313,0.421,0.375,0.796,0.062,0.1579,0.2105,0.0,0.75,CPBL 官方全記錄查詢,0000007282,31.3,14.5,63.6,36.6,36.6,打者
2026,辛元旭,富邦悍將,野手,18,18,2,0,0,0,0,5,0,0.111,0.111,0.111,0.222,0.0,0.0,0.2778,0.0,0.0,CPBL 官方全記錄查詢,0000005496,11.1,0.0,25.3,11.0,11.0,打者
2026,許博閎,味全龍,野手,11,10,1,0,0,0,1,1,1,0.1,0.182,0.1,0.282,0.0,0.0909,0.0909,0.0,1.0,CPBL 官方全記錄查詢,0000007308,10.0,0.0,58.2,17.1,17.1,打者
2026,李聖裕,中信兄弟,野手,21,19,5,0,0,0,2,7,0,0.263,0.333,0.263,0.596,0.0,0.0952,0.3333,0.0,0.29,CPBL 官方全記錄查詢,0000005656,26.3,0.0,43.4,25.2,25.2,打者
2026,吳明鴻,台鋼雄鷹,野手,14,13,2,0,0,0,0,3,0,0.154,0.154,0.154,0.308,0.0,0.0,0.2143,0.0,0.0,CPBL 官方全記錄查詢,0000002304,15.4,0.0,27.5,14.1,14.1,打者
2026,張進德,富邦悍將,野手,15,14,1,0,0,0,1,3,0,0.071,0.133,0.071,0.204,0.0,0.0667,0.2,0.0,0.33,CPBL 官方全記錄查詢,0000000910,7.1,0.0,43.3,12.5,12.5,打者
2026,王翾祐,統一7-ELEVEn獅,野手,31,27,10,3,0,0,3,4,3,0.37,0.433,0.481,0.914,0.111,0.0968,0.129,0.0,0.75,CPBL 官方全記錄查詢,0000007605,37.0,26.0,55.4,41.5,41.5,打者
2026,郭永維,台鋼雄鷹,野手,18,17,5,0,0,0,1,3,0,0.294,0.333,0.294,0.627,0.0,0.0556,0.1667,0.0,0.33,CPBL 官方全記錄查詢,0000003174,29.4,0.0,42.5,26.4,26.4,打者
2026,盧柏華,富邦悍將,野手,13,12,2,1,0,0,0,3,0,0.167,0.231,0.25,0.481,0.083,0.0,0.2308,0.0,0.33,CPBL 官方全記錄查詢,0000007298,16.7,19.4,30.2,22.6,22.6,打者
2026,石翔宇,味全龍,野手,10,9,1,1,0,0,1,3,0,0.111,0.2,0.222,0.422,0.111,0.1,0.3,0.0,0.33,CPBL 官方全記錄查詢,0000000356,11.1,26.0,45.8,23.8,23.8,打者
2026,何恆佑,統一7-ELEVEn獅,野手,21,20,2,0,0,0,0,8,1,0.1,0.1,0.1,0.2,0.0,0.0,0.381,0.0,0.0,CPBL 官方全記錄查詢,0000006213,10.0,0.0,21.7,9.8,9.8,打者
2026,杜家明,台鋼雄鷹,野手,20,17,1,0,0,0,3,2,0,0.059,0.2,0.059,0.259,0.0,0.15,0.1,0.0,1.5,CPBL 官方全記錄查詢,0000000753,5.8999999999999995,0.0,73.5,18.0,18.0,打者
2026,廖健富,樂天桃猿,野手,9,8,4,1,0,0,1,0,0,0.5,0.556,0.625,1.181,0.125,0.1111,0.0,0.0,0.0,CPBL 官方全記錄查詢,0000000158,50.0,29.2,55.0,50.7,50.7,打者
2026,豊暐,富邦悍將,野手,7,7,0,0,0,0,0,3,0,0.0,0.0,0.0,0.0,0.0,0.0,0.4286,0.0,0.0,CPBL 官方全記錄查詢,0000006909,0.0,0.0,20.0,3.0,3.0,打者
2026,陽念祖,味全龍,野手,2,2,1,0,0,0,0,1,0,0.5,0.5,0.5,1.0,0.0,0.0,0.5,0.0,0.0,CPBL 官方全記錄查詢,0000007082,50.0,0.0,17.5,35.1,35.1,打者
2026,曾冠傑,樂天桃猿,野手,9,8,2,0,0,0,1,3,0,0.25,0.333,0.25,0.583,0.0,0.1111,0.3333,0.0,0.33,CPBL 官方全記錄查詢,0000007313,25.0,0.0,46.6,25.1,25.1,打者
2026,陳真,富邦悍將,野手,15,15,3,0,0,0,0,5,0,0.2,0.2,0.2,0.4,0.0,0.0,0.3333,0.0,0.0,CPBL 官方全記錄查詢,0000005310,20.0,0.0,23.3,16.5,16.5,打者
2026,顏采丞,台鋼雄鷹,野手,10,10,0,0,0,0,0,2,0,0.0,0.0,0.0,0.0,0.0,0.0,0.2,0.0,0.0,CPBL 官方全記錄查詢,0000007629,0.0,0.0,28.0,4.2,4.2,打者
2026,劉貴元,中信兄弟,野手,2,2,0,0,0,0,0,0,0,0.0,0.0,0.0,0.0,0.0,0.0,0.0,0.0,0.0,CPBL 官方全記錄查詢,0000006221,0.0,0.0,35.0,5.2,5.2,打者
2026,歐晉,樂天桃猿,野手,8,6,0,0,0,0,2,1,0,0.0,0.25,0.0,0.25,0.0,0.25,0.125,0.0,2.0,CPBL 官方全記錄查詢,0000005536,0.0,0.0,95.6,20.0,20.0,打者
2026,姚冠瑋,味全龍,野手,3,3,0,0,0,0,0,2,0,0.0,0.0,0.0,0.0,0.0,0.0,0.6667,0.0,0.0,CPBL 官方全記錄查詢,0000005563,0.0,0.0,11.7,1.8,1.8,打者
2026,楊祥禾,中信兄弟,野手,2,2,0,0,0,0,0,1,0,0.0,0.0,0.0,0.0,0.0,0.0,0.5,0.0,0.0,CPBL 官方全記錄查詢,0000007086,0.0,0.0,17.5,2.6,2.6,打者
2026,高國麟,富邦悍將,野手,6,6,2,0,0,0,0,0,0,0.333,0.333,0.333,0.666,0.0,0.0,0.0,0.0,0.0,CPBL 官方全記錄查詢,0000001118,33.300000000000004,0.0,35.0,26.9,26.9,打者
2026,董秉軒,台鋼雄鷹,野手,5,5,1,0,0,0,0,0,0,0.2,0.2,0.2,0.4,0.0,0.0,0.0,0.0,0.0,CPBL 官方全記錄查詢,0000005296,20.0,0.0,35.0,18.2,18.2,打者
2026,黃秉揚,台鋼雄鷹,野手,4,4,0,0,0,0,0,1,0,0.0,0.0,0.0,0.0,0.0,0.0,0.25,0.0,0.0,CPBL 官方全記錄查詢,0000006930,0.0,0.0,26.2,3.9,3.9,打者
2026,陳飛霖,台鋼雄鷹,野手,4,3,0,0,0,0,1,1,0,0.0,0.25,0.0,0.25,0.0,0.25,0.25,0.0,1.0,CPBL 官方全記錄查詢,0000007013,0.0,0.0,81.2,17.8,17.8,打者
2026,蔡琞傑,中信兄弟,野手,2,2,0,0,0,0,0,2,0,0.0,0.0,0.0,0.0,0.0,0.0,1.0,0.0,0.0,CPBL 官方全記錄查詢,0000007621,0.0,0.0,0.0,0.0,0.0,打者
2026,余羿賢,統一7-ELEVEn獅,野手,2,2,1,0,0,0,0,1,0,0.5,0.5,0.5,1.0,0.0,0.0,0.5,0.0,0.0,CPBL 官方全記錄查詢,0000006955,50.0,0.0,17.5,35.1,35.1,打者
2026,邱邦,樂天桃猿,野手,2,2,1,0,0,0,0,0,0,0.5,0.5,0.5,1.0,0.0,0.0,0.0,0.0,0.0,CPBL 官方全記錄查詢,0000006770,50.0,0.0,35.0,37.8,37.8,打者
2026,董順傑,樂天桃猿,野手,5,5,0,0,0,0,0,3,0,0.0,0.0,0.0,0.0,0.0,0.0,0.6,0.0,0.0,CPBL 官方全記錄查詢,0000006856,0.0,0.0,14.0,2.1,2.1,打者
2026,楊泯貽,富邦悍將,野手,5,5,0,0,0,0,0,0,0,0.0,0.0,0.0,0.0,0.0,0.0,0.0,0.0,0.0,CPBL 官方全記錄查詢,0000007297,0.0,0.0,35.0,5.2,5.2,打者
2026,林哲瑄,富邦悍將,野手,1,1,1,0,0,0,0,0,0,1.0,1.0,1.0,2.0,0.0,0.0,0.0,0.0,0.0,CPBL 官方全記錄查詢,0000003339,100.0,0.0,35.0,70.2,70.2,打者
2026,吳承皓,味全龍,野手,4,3,1,0,0,0,1,0,0,0.333,0.5,0.333,0.833,0.0,0.25,0.0,0.0,0.0,CPBL 官方全記錄查詢,0000007610,33.300000000000004,0.0,80.0,37.4,37.4,打者
2026,游承勳,樂天桃猿,野手,4,4,0,0,0,0,0,1,0,0.0,0.0,0.0,0.0,0.0,0.0,0.25,0.0,0.0,CPBL 官方全記錄查詢,0000007315,0.0,0.0,26.2,3.9,3.9,打者
2026,吳柏賢,統一7-ELEVEn獅,野手,1,1,0,0,0,0,0,0,0,0.0,0.0,0.0,0.0,0.0,0.0,0.0,0.0,0.0,CPBL 官方全記錄查詢,0000007602,0.0,0.0,35.0,5.2,5.2,打者
2026,黃柏豪,味全龍,野手,1,1,0,0,0,0,0,1,0,0.0,0.0,0.0,0.0,0.0,0.0,1.0,0.0,0.0,CPBL 官方全記錄查詢,0000005538,0.0,0.0,0.0,0.0,0.0,打者
2026,陳琥,中信兄弟,野手,1,1,0,0,0,0,0,0,0,0.0,0.0,0.0,0.0,0.0,0.0,0.0,0.0,0.0,CPBL 官方全記錄查詢,0000000771,0.0,0.0,35.0,5.2,5.2,打者
2026,江忠城,中信兄弟,野手,1,1,0,0,0,0,0,0,0,0.0,0.0,0.0,0.0,0.0,0.0,0.0,0.0,0.0,CPBL 官方全記錄查詢,0000001232,0.0,0.0,35.0,5.2,5.2,打者
2026,蔡袁華辰,富邦悍將,野手,0,0,0,0,0,0,0,0,0,0.0,0.0,0.0,0.0,0.0,0.0,0.0,0.0,0.0,CPBL 官方全記錄查詢,0000007578,0.0,0.0,35.0,5.2,5.2,打者
2026,徐博瑋,中信兄弟,野手,0,0,0,0,0,0,0,0,0,0.0,0.0,0.0,0.0,0.0,0.0,0.0,0.0,0.0,CPBL 官方全記錄查詢,0000007088,0.0,0.0,35.0,5.2,5.2,打者
2026,鍾玉成,樂天桃猿,野手,0,0,0,0,0,0,0,0,0,0.0,0.0,0.0,0.0,0.0,0.0,0.0,0.0,0.0,CPBL 官方全記錄查詢,0000006714,0.0,0.0,35.0,5.2,5.2,打者
