season,player_name,team,role,innings_pitched,earned_runs,hits_allowed,walks,strikeouts,home_runs_allowed,era,whip,k_bb_ratio,k_rate,bb_rate,hr_allowed_rate,source_note,player_id,run_prevention_score,strikeout_score,command_score,pitcher_value_score,player_value_score,player_type
2026,陳冠偉,味全龍,投手,49.333,11,42,10,29,1,2.01,1.05,2.9,0.1487,0.0513,0.0051,CPBL 官方全記錄查詢,0000005555,93.7,29.7,61.0,67.9,67.9,投手
2026,林凱威,味全龍,投手,49.667,17,48,15,32,2,3.08,1.27,2.13,0.1517,0.0711,0.0095,CPBL 官方全記錄查詢,0000005788,92.1,30.3,54.7,65.4,65.4,投手
2026,陳冠宇,樂天桃猿,投手,49.667,11,36,17,55,3,1.99,1.07,3.24,0.275,0.085,0.015,CPBL 官方全記錄查詢,0000000941,93.6,55.0,59.5,73.7,73.7,投手
2026,陳柏清,台鋼雄鷹,投手,51.333,22,53,18,31,2,3.86,1.38,1.72,0.1396,0.0811,0.009,CPBL 官方全記錄查詢,0000006832,91.1,27.9,51.4,63.4,63.4,投手
2026,廖任磊,富邦悍將,投手,43.0,22,43,23,14,0,4.6,1.53,0.61,0.0729,0.1198,0.0,CPBL 官方全記錄查詢,0000002280,90.0,14.6,41.4,56.6,56.6,投手
2026,張奕,富邦悍將,投手,50.333,10,46,15,39,2,1.79,1.21,2.6,0.1912,0.0735,0.0098,CPBL 官方全記錄查詢,0000005790,93.0,38.2,57.1,68.5,68.5,投手
2026,林子昱,味全龍,投手,45.667,10,43,8,23,1,1.97,1.12,2.88,0.1243,0.0432,0.0054,CPBL 官方全記錄查詢,0000001821,93.4,24.9,61.7,66.8,66.8,投手
2026,蘇俊璋,樂天桃猿,投手,39.333,10,33,9,32,0,2.29,1.07,3.56,0.2025,0.057,0.0,CPBL 官方全記錄查詢,0000005558,93.5,40.5,64.1,71.4,71.4,投手
2026,髙塩將樹,統一7-ELEVEn獅,投手,45.0,11,39,16,29,1,2.2,1.22,1.81,0.1534,0.0847,0.0053,CPBL 官方全記錄查詢,0000006818,92.8,30.7,51.6,64.9,64.9,投手
2026,鍾允華,統一7-ELEVEn獅,投手,47.667,15,43,19,43,3,2.83,1.3,2.26,0.2139,0.0945,0.0149,CPBL 官方全記錄查詢,0000007293,92.1,42.8,53.1,68.1,68.1,投手
2026,呂彥青,中信兄弟,投手,46.667,13,34,9,37,1,2.51,0.92,4.11,0.2056,0.05,0.0056,CPBL 官方全記錄查詢,0000003639,94.1,41.1,67.8,73.0,73.0,投手
2026,陳琥,中信兄弟,投手,49.333,16,49,24,35,3,2.92,1.48,1.46,0.1606,0.1101,0.0138,CPBL 官方全記錄查詢,0000000771,91.1,32.1,47.1,63.2,63.2,投手
2026,曾峻岳,富邦悍將,投手,48.333,8,34,13,61,2,1.49,0.97,4.69,0.3262,0.0695,0.0107,CPBL 官方全記錄查詢,0000006227,94.4,65.2,69.1,79.5,79.5,投手
2026,蔡齊哲,中信兄弟,投手,34.0,11,27,16,16,3,2.91,1.26,1.0,0.1119,0.1119,0.021,CPBL 官方全記錄查詢,0000000778,92.2,22.4,44.4,60.4,60.4,投手
2026,江忠城,中信兄弟,投手,39.333,10,30,18,24,1,2.29,1.22,1.33,0.1446,0.1084,0.006,CPBL 官方全記錄查詢,0000001232,92.7,28.9,46.5,62.9,62.9,投手
2026,林栚呈,富邦悍將,投手,42.0,16,39,19,18,4,3.43,1.38,0.95,0.0984,0.1038,0.0219,CPBL 官方全記錄查詢,0000006870,91.4,19.7,44.9,59.5,59.5,投手
2026,莊昕諺,樂天桃猿,投手,44.0,10,36,18,25,2,2.05,1.23,1.39,0.1359,0.0978,0.0109,CPBL 官方全記錄查詢,0000005509,92.8,27.2,47.9,62.9,62.9,投手
2026,邱浩鈞,統一7-ELEVEn獅,投手,36.0,11,31,23,24,1,2.75,1.5,1.04,0.1491,0.1429,0.0062,CPBL 官方全記錄查詢,0000000998,91.1,29.8,41.5,60.9,60.9,投手
2026,王志煊,樂天桃猿,投手,22.667,7,20,13,17,0,2.78,1.46,1.31,0.1735,0.1327,0.0,CPBL 官方全記錄查詢,0000006228,91.3,34.7,44.0,63.0,63.0,投手
2026,許峻暘,台鋼雄鷹,投手,33.667,8,25,12,31,1,2.14,1.1,2.58,0.2246,0.087,0.0072,CPBL 官方全記錄查詢,0000005285,93.4,44.9,55.6,69.9,69.9,投手
2026,賴鴻誠,富邦悍將,投手,32.667,20,36,14,14,3,5.51,1.53,1.0,0.0966,0.0966,0.0207,CPBL 官方全記錄查詢,0000003292,89.5,19.3,45.9,58.9,58.9,投手
2026,李吳永勤,富邦悍將,投手,28.667,17,32,17,17,0,5.34,1.71,1.0,0.1232,0.1232,0.0,CPBL 官方全記錄查詢,0000000773,88.7,24.6,43.2,59.0,59.0,投手
2026,黃群,台鋼雄鷹,投手,36.667,13,27,20,34,0,3.19,1.28,1.7,0.2152,0.1266,0.0,CPBL 官方全記錄查詢,0000006982,92.0,43.0,46.8,66.2,66.2,投手
2026,李超,味全龍,投手,34.333,6,25,12,24,1,1.57,1.08,2.0,0.1752,0.0876,0.0073,CPBL 官方全記錄查詢,0000006160,93.8,35.0,52.4,66.7,66.7,投手
2026,李建勳,富邦悍將,投手,32.667,18,36,15,29,2,4.96,1.56,1.93,0.1933,0.1,0.0133,CPBL 官方全記錄查詢,0000005561,89.7,38.7,50.7,65.2,65.2,投手
2026,吳承諭,統一7-ELEVEn獅,投手,37.333,9,35,9,14,2,2.17,1.18,1.56,0.0897,0.0577,0.0128,CPBL 官方全記錄查詢,0000005482,93.0,17.9,52.9,62.2,62.2,投手
2026,李振昌,中信兄弟,投手,32.0,15,30,10,22,3,4.22,1.25,2.2,0.163,0.0741,0.0222,CPBL 官方全記錄查詢,0000003331,91.6,32.6,54.8,65.8,65.8,投手
2026,陳宇宏,台鋼雄鷹,投手,48.333,25,61,16,25,2,4.66,1.59,1.56,0.1136,0.0727,0.0091,CPBL 官方全記錄查詢,0000006833,89.7,22.7,51.4,61.5,61.5,投手
2026,林鋅杰,味全龍,投手,29.667,13,27,21,14,2,3.94,1.62,0.67,0.1069,0.1603,0.0153,CPBL 官方全記錄查詢,0000005789,89.9,21.4,37.7,57.1,57.1,投手
2026,李軍,統一7-ELEVEn獅,投手,26.333,10,23,11,24,0,3.42,1.29,2.18,0.2087,0.0957,0.0,CPBL 官方全記錄查詢,0000007292,91.8,41.7,52.5,67.5,67.5,投手
2026,李其峰,統一7-ELEVEn獅,投手,30.333,9,35,14,22,2,2.67,1.62,1.57,0.156,0.0993,0.0142,CPBL 官方全記錄查詢,0000006127,90.5,31.2,48.8,63.2,63.2,投手
2026,舒治浩,樂天桃猿,投手,30.667,11,22,13,14,0,3.23,1.14,1.08,0.1129,0.1048,0.0,CPBL 官方全記錄查詢,0000006857,92.7,22.6,45.5,61.0,61.0,投手
2026,施子謙,台鋼雄鷹,投手,25.0,9,24,8,12,3,3.24,1.28,1.5,0.1121,0.0748,0.028,CPBL 官方全記錄查詢,0000002348,92.0,22.4,50.9,62.3,62.3,投手
2026,韋宏亮,台鋼雄鷹,投手,28.333,13,29,10,17,1,4.13,1.38,1.7,0.1382,0.0813,0.0081,CPBL 官方全記錄查詢,0000007580,91.0,27.6,51.3,63.2,63.2,投手
2026,李欣穎,台鋼雄鷹,投手,28.0,9,28,10,38,2,2.89,1.36,3.8,0.2992,0.0787,0.0157,CPBL 官方全記錄查詢,0000006918,91.7,59.8,63.2,75.2,75.2,投手
2026,林子崴,樂天桃猿,投手,74.333,14,68,18,36,1,1.7,1.16,2.0,0.1196,0.0598,0.0033,CPBL 官方全記錄查詢,0000006237,93.3,23.9,55.1,64.5,64.5,投手
2026,王躍霖,台鋼雄鷹,投手,20.333,10,25,9,14,1,4.43,1.67,1.56,0.1474,0.0947,0.0105,CPBL 官方全記錄查詢,0000001390,89.4,29.5,49.2,62.4,62.4,投手
2026,鄭澔,統一7-ELEVEn獅,投手,23.333,14,21,12,24,0,5.4,1.41,2.0,0.2376,0.1188,0.0,CPBL 官方全記錄查詢,0000007044,90.2,47.5,49.2,67.2,67.2,投手
2026,朱承洋,樂天桃猿,投手,25.667,8,23,6,21,1,2.81,1.13,3.5,0.2039,0.0583,0.0097,CPBL 官方全記錄查詢,0000000128,92.9,40.8,63.6,71.1,71.1,投手
2026,呂偉晟,味全龍,投手,22.333,7,24,14,11,0,2.82,1.7,0.79,0.1019,0.1296,0.0,CPBL 官方全記錄查詢,0000005552,90.1,20.4,41.4,58.1,58.1,投手
2026,林詩翔,台鋼雄鷹,投手,24.667,8,23,12,17,1,2.92,1.42,1.42,0.1532,0.1081,0.009,CPBL 官方全記錄查詢,0000006949,91.4,30.6,47.1,62.9,62.9,投手
2026,艾速特,台鋼雄鷹,投手,136.667,40,111,42,115,4,2.63,1.12,2.74,0.2035,0.0743,0.0071,CPBL 官方全記錄查詢,0000007053,93.1,40.7,57.8,69.4,69.4,投手
2026,魔力藍,富邦悍將,投手,135.333,45,135,33,90,3,2.99,1.24,2.73,0.1593,0.0584,0.0053,CPBL 官方全記錄查詢,0000006749,92.3,31.9,59.3,67.3,67.3,投手
2026,羅戈,中信兄弟,投手,142.0,52,131,36,96,6,3.3,1.18,2.67,0.1647,0.0617,0.0103,CPBL 官方全記錄查詢,0000005151,92.4,32.9,58.7,67.4,67.4,投手
2026,勝騎士,中信兄弟,投手,146.667,53,142,17,119,13,3.25,1.08,7.0,0.201,0.0287,0.022,CPBL 官方全記錄查詢,0000005604,92.9,40.2,86.0,77.7,77.7,投手
2026,余謙,中信兄弟,投手,26.667,15,34,6,8,0,5.06,1.5,1.33,0.0702,0.0526,0.0,CPBL 官方全記錄查詢,0000006176,89.9,14.0,52.1,59.6,59.6,投手
2026,布雷克,統一7-ELEVEn獅,投手,147.667,26,124,16,90,5,1.58,0.95,5.62,0.1599,0.0284,0.0089,CPBL 官方全記錄查詢,0000005731,94.4,32.0,78.4,74.0,74.0,投手
2026,艾菩樂,樂天桃猿,投手,143.667,46,137,26,102,11,2.88,1.13,3.92,0.172,0.0438,0.0185,CPBL 官方全記錄查詢,0000006906,92.9,34.4,67.4,70.6,70.6,投手
2026,邱駿威,樂天桃猿,投手,37.333,13,37,11,21,2,3.13,1.29,1.91,0.1313,0.0688,0.0125,CPBL 官方全記錄查詢,0000006720,92.0,26.3,53.7,64.1,64.1,投手
2026,鋼龍,味全龍,投手,136.0,34,123,35,110,6,2.25,1.16,3.14,0.1989,0.0633,0.0108,CPBL 官方全記錄查詢,0000006497,93.1,39.8,61.1,70.2,70.2,投手
2026,曾家輝,樂天桃猿,投手,113.667,32,94,32,78,4,2.53,1.11,2.44,0.1667,0.0684,0.0085,CPBL 官方全記錄查詢,0000007074,93.2,33.3,56.7,67.3,67.3,投手
2026,獅帝芬,統一7-ELEVEn獅,投手,123.0,37,108,44,78,4,2.71,1.24,1.77,0.1526,0.0861,0.0078,CPBL 官方全記錄查詢,0000007597,92.4,30.5,51.2,64.6,64.6,投手
2026,梅賽鍶,味全龍,投手,128.667,27,116,19,76,4,1.89,1.05,4.0,0.1508,0.0377,0.0079,CPBL 官方全記錄查詢,0000006555,93.8,30.2,68.5,70.3,70.3,投手
2026,蔣銲,味全龍,投手,125.333,19,81,40,132,3,1.36,0.97,3.3,0.264,0.08,0.006,CPBL 官方全記錄查詢,0000007779,94.5,52.8,60.3,73.8,73.8,投手
2026,王伯洋,味全龍,投手,12.667,3,8,11,11,0,2.13,1.5,1.0,0.1833,0.1833,0.0,CPBL 官方全記錄查詢,0000006910,91.4,36.7,37.2,61.5,61.5,投手
2026,王浩原,富邦悍將,投手,15.333,8,26,9,6,0,4.7,2.28,0.67,0.0769,0.1154,0.0,CPBL 官方全記錄查詢,0000002347,86.2,15.4,42.2,55.3,55.3,投手
2026,曾品洋,中信兄弟,投手,20.0,4,20,13,15,1,1.8,1.65,1.15,0.1744,0.1512,0.0116,CPBL 官方全記錄查詢,0000006923,90.8,34.9,41.3,62.0,62.0,投手
2026,黃子鵬,台鋼雄鷹,投手,126.667,31,100,17,66,2,2.2,0.92,3.88,0.1325,0.0341,0.004,CPBL 官方全記錄查詢,0000002274,94.3,26.5,68.1,69.5,69.5,投手
2026,江承諺,台鋼雄鷹,投手,109.0,40,116,28,50,8,3.3,1.32,1.79,0.1073,0.0601,0.0172,CPBL 官方全記錄查詢,0000002679,91.7,21.5,53.9,62.8,62.8,投手
2026,鈴木駿輔,富邦悍將,投手,113.0,30,104,27,98,5,2.39,1.16,3.63,0.2108,0.0581,0.0108,CPBL 官方全記錄查詢,0000007228,93.0,42.2,64.4,71.7,71.7,投手
2026,李東洺,富邦悍將,投手,103.0,30,92,44,53,7,2.62,1.32,1.2,0.1183,0.0982,0.0156,CPBL 官方全記錄查詢,0000006739,92.1,23.7,46.8,61.4,61.4,投手
2026,趙璟榮,味全龍,投手,18.667,6,16,10,15,0,2.89,1.39,1.5,0.1923,0.1282,0.0,CPBL 官方全記錄查詢,0000006215,91.6,38.5,45.5,64.5,64.5,投手
2026,喬登,統一7-ELEVEn獅,投手,106.0,19,62,43,110,2,1.61,0.99,2.56,0.267,0.1044,0.0049,CPBL 官方全記錄查詢,0000007778,94.2,53.4,53.8,71.9,71.9,投手
2026,魏碩成,中信兄弟,投手,25.0,16,27,18,10,1,5.76,1.8,0.56,0.0787,0.1417,0.0079,CPBL 官方全記錄查詢,0000005572,88.1,15.7,38.9,55.2,55.2,投手
2026,王鏡銘,統一7-ELEVEn獅,投手,14.333,3,11,5,5,1,1.88,1.12,1.0,0.0847,0.0847,0.0169,CPBL 官方全記錄查詢,0000003393,93.4,16.9,47.1,60.4,60.4,投手
2026,威能帝,樂天桃猿,投手,108.333,29,94,15,104,3,2.41,1.01,6.93,0.2407,0.0347,0.0069,CPBL 官方全記錄查詢,0000007062,93.7,48.1,85.0,79.7,79.7,投手
2026,賴胤豪,樂天桃猿,投手,18.0,15,29,5,9,2,7.5,1.89,1.8,0.1011,0.0562,0.0225,CPBL 官方全記錄查詢,0000007073,86.7,20.2,54.4,60.4,60.4,投手
2026,魔神龍,味全龍,投手,103.667,32,107,28,65,1,2.78,1.3,2.32,0.1471,0.0633,0.0023,CPBL 官方全記錄查詢,0000007264,92.1,29.4,56.6,65.8,65.8,投手
2026,伍鐸,味全龍,投手,107.333,46,112,25,39,7,3.86,1.28,1.56,0.0867,0.0556,0.0156,CPBL 官方全記錄查詢,0000000762,91.6,17.3,53.1,61.5,61.5,投手
2026,石梓霖,富邦悍將,投手,19.667,10,19,6,8,0,4.58,1.27,1.33,0.0976,0.0732,0.0,CPBL 官方全記錄查詢,0000007593,91.3,19.5,50.1,61.0,61.0,投手
2026,伍立辰,中信兄弟,投手,59.333,32,61,22,37,6,4.85,1.4,1.68,0.1423,0.0846,0.0231,CPBL 官方全記錄查詢,0000007276,90.5,28.5,50.9,63.1,63.1,投手
2026,後勁,台鋼雄鷹,投手,95.0,50,104,43,69,1,4.74,1.55,1.6,0.1608,0.1002,0.0023,CPBL 官方全記錄查詢,0000006507,89.8,32.2,48.9,63.1,63.1,投手
2026,鄭浩均,中信兄弟,投手,93.0,58,88,36,73,10,5.61,1.33,2.03,0.1825,0.09,0.025,CPBL 官方全記錄查詢,0000002345,90.5,36.5,52.3,65.5,65.5,投手
2026,黃竣彥,統一7-ELEVEn獅,投手,11.667,7,18,4,6,1,5.4,1.89,1.5,0.1091,0.0727,0.0182,CPBL 官方全記錄查詢,0000002303,87.8,21.8,51.1,60.3,60.3,投手
2026,高偉強,統一7-ELEVEn獅,投手,17.0,11,17,14,10,1,5.82,1.82,0.71,0.1235,0.1728,0.0123,CPBL 官方全記錄查詢,0000005315,87.9,24.7,36.7,56.7,56.7,投手
2026,呂詠臻,樂天桃猿,投手,17.0,4,13,12,7,0,2.12,1.47,0.58,0.0946,0.1622,0.0,CPBL 官方全記錄查詢,0000005372,91.6,18.9,37.0,57.0,57.0,投手
2026,德保拉,中信兄弟,投手,99.667,35,97,10,55,5,3.16,1.07,5.5,0.1368,0.0249,0.0124,CPBL 官方全記錄查詢,0000006006,93.0,27.4,78.1,72.1,72.1,投手
2026,坎南,台鋼雄鷹,投手,102.333,30,102,17,70,2,2.64,1.16,4.12,0.1663,0.0404,0.0048,CPBL 官方全記錄查詢,0000007570,92.9,33.3,68.8,70.8,70.8,投手
2026,銳力獅,統一7-ELEVEn獅,投手,84.667,25,76,14,62,4,2.66,1.06,4.43,0.1834,0.0414,0.0118,CPBL 官方全記錄查詢,0000006295,93.3,36.7,70.5,72.3,72.3,投手
2026,林詔恩,統一7-ELEVEn獅,投手,70.0,23,58,27,54,1,2.96,1.21,2.0,0.1888,0.0944,0.0035,CPBL 官方全記錄查詢,0000006848,92.4,37.8,51.7,66.5,66.5,投手
2026,魔爾曼,樂天桃猿,投手,86.667,26,80,26,71,2,2.7,1.22,2.73,0.1935,0.0708,0.0054,CPBL 官方全記錄查詢,0000007790,92.5,38.7,58.1,68.7,68.7,投手
2026,陳克羿,樂天桃猿,投手,80.333,38,82,27,70,2,4.26,1.36,2.59,0.2017,0.0778,0.0058,CPBL 官方全記錄查詢,0000004624,91.0,40.3,56.6,68.0,68.0,投手
2026,劉昱言,富邦悍將,投手,10.333,5,11,4,4,1,4.35,1.45,1.0,0.0909,0.0909,0.0227,CPBL 官方全記錄查詢,0000001524,90.5,18.2,46.5,59.2,59.2,投手
2026,陳禹勳,味全龍,投手,11.333,8,15,4,6,1,6.35,1.68,1.5,0.1154,0.0769,0.0192,CPBL 官方全記錄查詢,0000000135,88.4,23.1,50.6,60.7,60.7,投手
2026,江國豪,富邦悍將,投手,58.333,20,60,29,31,1,3.09,1.53,1.07,0.1188,0.1111,0.0038,CPBL 官方全記錄查詢,0000005479,90.8,23.8,44.8,60.2,60.2,投手
2026,王凱程,中信兄弟,投手,14.0,7,20,1,4,4,4.5,1.5,4.0,0.0645,0.0161,0.0645,CPBL 官方全記錄查詢,0000000776,90.2,12.9,70.6,65.0,65.0,投手
2026,鄭副豪,統一7-ELEVEn獅,投手,11.333,8,9,11,5,0,6.35,1.76,0.45,0.0909,0.2,0.0,CPBL 官方全記錄查詢,0000006850,88.0,18.2,32.5,53.9,53.9,投手
2026,吳俊偉,中信兄弟,投手,11.333,10,19,5,9,0,7.94,2.12,1.8,0.15,0.0833,0.0,CPBL 官方全記錄查詢,0000004625,85.4,30.0,51.7,61.4,61.4,投手
2026,辛俊昇,統一7-ELEVEn獅,投手,9.667,8,12,8,6,0,7.45,2.07,0.75,0.12,0.16,0.0,CPBL 官方全記錄查詢,0000007061,85.9,24.0,38.2,56.1,56.1,投手
2026,錢可倫,中信兄弟,投手,10.0,9,14,4,7,0,8.1,1.8,1.75,0.14,0.08,0.0,CPBL 官方全記錄查詢,0000007622,86.9,28.0,51.7,61.6,61.6,投手
2026,王偉軒,富邦悍將,投手,16.333,3,12,5,16,2,1.65,1.04,3.2,0.2424,0.0758,0.0303,CPBL 官方全記錄查詢,0000007568,94.0,48.5,60.2,72.5,72.5,投手
2026,張瑞麟,富邦悍將,投手,9.667,6,10,7,8,0,5.59,1.76,1.14,0.1633,0.1429,0.0,CPBL 官方全記錄查詢,0000000938,88.4,32.7,42.0,60.6,60.6,投手
2026,許育銘,台鋼雄鷹,投手,11.667,4,10,8,8,1,3.09,1.54,1.0,0.1509,0.1509,0.0189,CPBL 官方全記錄查詢,0000006767,90.7,30.2,40.5,60.5,60.5,投手
2026,陳品宏,富邦悍將,投手,41.0,22,44,19,27,3,4.83,1.54,1.42,0.1429,0.1005,0.0159,CPBL 官方全記錄查詢,0000007299,89.8,28.6,47.8,61.9,61.9,投手
2026,游竣宥,中信兄弟,投手,36.333,11,42,17,14,1,2.72,1.62,0.82,0.0875,0.1062,0.0063,CPBL 官方全記錄查詢,0000007281,90.5,17.5,43.9,58.3,58.3,投手
2026,謝榮豪,中信兄弟,投手,9.667,8,10,7,3,3,7.45,1.76,0.43,0.0638,0.1489,0.0638,CPBL 官方全記錄查詢,0000003506,87.4,12.8,37.5,53.8,53.8,投手
2026,劉軒荅,統一7-ELEVEn獅,投手,9.0,2,9,3,3,0,2.0,1.33,1.0,0.0732,0.0732,0.0,CPBL 官方全記錄查詢,0000004637,92.3,14.6,48.2,59.6,59.6,投手
2026,菲力士,中信兄弟,投手,62.333,27,63,31,48,3,3.9,1.51,1.55,0.1739,0.1123,0.0109,CPBL 官方全記錄查詢,0000007560,90.5,34.8,47.4,63.6,63.6,投手
2026,陳冠穎,中信兄弟,投手,8.667,1,5,4,7,0,1.04,1.04,1.75,0.2059,0.1176,0.0,CPBL 官方全記錄查詢,0000007283,94.3,41.2,48.0,67.1,67.1,投手
2026,阿部雄大,富邦悍將,投手,50.667,25,47,20,41,3,4.44,1.32,2.05,0.1916,0.0935,0.014,CPBL 官方全記錄查詢,PIT277101C,91.1,38.3,52.0,66.2,66.2,投手
2026,胡智爲,統一7-ELEVEn獅,投手,38.667,33,57,13,21,5,7.68,1.81,1.62,0.1154,0.0714,0.0275,CPBL 官方全記錄查詢,0000001719,87.0,23.1,51.9,60.5,60.5,投手
2026,伍祐城,台鋼雄鷹,投手,10.667,3,9,6,5,3,2.53,1.41,0.83,0.1111,0.1333,0.0667,CPBL 官方全記錄查詢,0000006921,91.7,22.2,41.3,59.2,59.2,投手
2026,賴智垣,台鋼雄鷹,投手,8.0,3,6,11,5,0,3.38,2.13,0.45,0.119,0.2619,0.0,CPBL 官方全記錄查詢,0000002272,87.6,23.8,26.3,53.3,53.3,投手
2026,陳正毅,台鋼雄鷹,投手,27.0,14,39,18,16,0,4.67,2.11,0.89,0.1159,0.1304,0.0,CPBL 官方全記錄查詢,0000006771,87.1,23.2,41.9,57.6,57.6,投手
2026,麥斯威尼,樂天桃猿,投手,44.333,25,53,24,21,4,5.08,1.74,0.88,0.0991,0.1132,0.0189,CPBL 官方全記錄查詢,0000007789,88.7,19.8,43.6,57.9,57.9,投手
2026,張鈞守,味全龍,投手,8.667,0,3,7,7,0,0.0,1.15,1.0,0.2121,0.2121,0.0,CPBL 官方全記錄查詢,0000006723,94.3,42.4,34.3,63.3,63.3,投手
2026,黃暐傑,味全龍,投手,18.667,6,22,5,8,0,2.89,1.45,1.6,0.0964,0.0602,0.0,CPBL 官方全記錄查詢,0000007581,91.3,19.3,52.9,61.8,61.8,投手
2026,郭郁政,味全龍,投手,31.333,17,40,2,10,5,4.88,1.34,5.0,0.0741,0.0148,0.037,CPBL 官方全記錄查詢,0000005541,90.8,14.8,76.3,67.4,67.4,投手
2026,林家勝,富邦悍將,投手,9.0,0,4,3,10,0,0.0,0.78,3.33,0.3125,0.0938,0.0,CPBL 官方全記錄查詢,0000007090,96.1,62.5,59.1,76.6,76.6,投手
2026,陳柏豪,樂天桃猿,投手,6.667,6,13,3,6,1,8.1,2.4,2.0,0.1765,0.0882,0.0294,CPBL 官方全記錄查詢,0000000779,83.9,35.3,52.3,62.3,62.3,投手
2026,郭俊麟,統一7-ELEVEn獅,投手,40.667,19,38,20,23,2,4.2,1.43,1.15,0.1271,0.1105,0.011,CPBL 官方全記錄查詢,0000001260,90.7,25.4,45.3,60.8,60.8,投手
2026,威戈神,富邦悍將,投手,34.0,16,39,9,24,1,4.24,1.41,2.67,0.1633,0.0612,0.0068,CPBL 官方全記錄查詢,0000007782,90.8,32.7,58.7,66.6,66.6,投手
2026,黎克,中信兄弟,投手,29.333,16,35,15,20,4,4.91,1.7,1.33,0.1471,0.1103,0.0294,CPBL 官方全記錄查詢,PIT6D45A79,89.0,29.4,46.4,61.3,61.3,投手
2026,曾仁和,味全龍,投手,34.667,11,37,11,22,2,2.86,1.38,2.0,0.1467,0.0733,0.0133,CPBL 官方全記錄查詢,0000003608,91.6,29.3,53.8,64.7,64.7,投手
2026,張誠恩,台鋼雄鷹,投手,7.0,2,4,4,1,0,2.57,1.14,0.25,0.0345,0.1379,0.0,CPBL 官方全記錄查詢,0000007069,93.0,6.9,37.6,54.9,54.9,投手
2026,廖乙忠,台鋼雄鷹,投手,10.333,7,13,1,7,1,6.1,1.35,7.0,0.1556,0.0222,0.0222,CPBL 官方全記錄查詢,0000002281,90.1,31.1,86.7,74.3,74.3,投手
2026,黃侰程,味全龍,投手,6.0,2,6,4,5,0,3.0,1.67,1.25,0.1852,0.1481,0.0,CPBL 官方全記錄查詢,0000007081,90.1,37.0,42.1,62.4,62.4,投手
2026,林柏佑,味全龍,投手,4.667,1,5,0,3,0,1.93,1.07,0.0,0.1579,0.0,0.0,CPBL 官方全記錄查詢,0000007083,93.7,31.6,50.0,65.1,65.1,投手
2026,黃宇昇,富邦悍將,投手,4.333,3,6,2,2,0,6.23,1.85,1.0,0.087,0.087,0.0,CPBL 官方全記錄查詢,0000007802,87.6,17.4,46.9,57.8,57.8,投手
2026,瑪帝斯,富邦悍將,投手,32.667,11,27,16,23,0,3.03,1.32,1.44,0.1608,0.1119,0.0,CPBL 官方全記錄查詢,0000007804,91.9,32.2,46.8,63.4,63.4,投手
2026,林子崴,統一7-ELEVEn獅,投手,6.333,0,7,0,4,0,0.0,1.11,0.0,0.1667,0.0,0.0,CPBL 官方全記錄查詢,0000002695,94.4,33.3,50.0,65.8,65.8,投手
2026,盧冠宇,樂天桃猿,投手,5.333,3,7,3,1,0,5.06,1.88,0.33,0.04,0.12,0.0,CPBL 官方全記錄查詢,0000007047,88.0,8.0,39.8,53.5,53.5,投手
2026,賴威誠,樂天桃猿,投手,7.0,2,7,4,5,0,2.57,1.57,1.25,0.1667,0.1333,0.0,CPBL 官方全記錄查詢,0000007316,90.8,33.3,43.6,62.3,62.3,投手
2026,李柏毓,樂天桃猿,投手,4.667,1,5,3,2,0,1.93,1.71,0.67,0.0952,0.1429,0.0,CPBL 官方全記錄查詢,0000007615,90.5,19.0,39.4,57.3,57.3,投手
2026,劉家翔,樂天桃猿,投手,20.333,7,20,6,9,3,3.1,1.28,1.5,0.1084,0.0723,0.0361,CPBL 官方全記錄查詢,0000006860,92.0,21.7,51.1,62.2,62.2,投手
2026,鄭鈞仁,統一7-ELEVEn獅,投手,5.0,1,2,2,4,0,1.8,0.8,2.0,0.2,0.1,0.0,CPBL 官方全記錄查詢,0000002276,95.1,40.0,51.1,68.1,68.1,投手
2026,盧孟揚,中信兄弟,投手,5.333,5,5,5,3,0,8.44,1.88,0.6,0.1154,0.1923,0.0,CPBL 官方全記錄查詢,0000006874,86.3,23.1,34.1,54.8,54.8,投手
2026,林易霆,統一7-ELEVEn獅,投手,9.333,3,6,5,7,0,2.89,1.18,1.4,0.1795,0.1282,0.0,CPBL 官方全記錄查詢,0000007294,92.6,35.9,45.0,64.1,64.1,投手
2026,江少慶,統一7-ELEVEn獅,投手,11.333,8,16,6,8,0,6.35,1.94,1.33,0.1481,0.1111,0.0,CPBL 官方全記錄查詢,0000001412,87.1,29.6,46.3,60.5,60.5,投手
2026,張宥謙,統一7-ELEVEn獅,投手,17.667,11,19,11,7,1,5.6,1.7,0.64,0.0864,0.1358,0.0123,CPBL 官方全記錄查詢,0000007290,88.6,17.3,40.0,56.2,56.2,投手
2026,悍里歐,富邦悍將,投手,26.0,12,27,14,21,0,4.15,1.58,1.5,0.1842,0.1228,0.0,CPBL 官方全記錄查詢,0000007832,90.0,36.8,46.1,63.5,63.5,投手
2026,陳仕朋,富邦悍將,投手,24.667,22,32,8,14,4,8.03,1.62,1.75,0.125,0.0714,0.0357,CPBL 官方全記錄查詢,0000000363,87.8,25.0,52.6,61.5,61.5,投手
2026,吳君奕,味全龍,投手,4.667,0,4,4,3,0,0.0,1.71,0.75,0.15,0.2,0.0,CPBL 官方全記錄查詢,0000006878,91.5,30.0,34.2,58.9,58.9,投手
2026,李致霖,味全龍,投手,9.333,5,6,11,5,0,4.82,1.82,0.45,0.1163,0.2558,0.0,CPBL 官方全記錄查詢,0000007305,88.4,23.3,26.9,53.7,53.7,投手
2026,劉予承,統一7-ELEVEn獅,投手,2.333,1,6,0,2,0,3.86,2.57,0.0,0.1429,0.0,0.0,CPBL 官方全記錄查詢,0000006222,85.2,28.6,50.0,60.5,60.5,投手
2026,王維中,台鋼雄鷹,投手,18.667,12,18,6,12,1,5.79,1.29,2.0,0.15,0.075,0.0125,CPBL 官方全記錄查詢,0000001603,90.6,30.0,53.6,64.4,64.4,投手
2026,江承峰,統一7-ELEVEn獅,投手,3.667,0,4,1,1,0,0.0,1.36,1.0,0.0588,0.0588,0.0,CPBL 官方全記錄查詢,0000003620,93.2,11.8,49.7,59.8,59.8,投手
2026,鄭凱文,中信兄弟,投手,4.0,0,3,1,2,0,0.0,1.0,2.0,0.1333,0.0667,0.0,CPBL 官方全記錄查詢,0000003334,95.0,26.7,54.4,65.7,65.7,投手
2026,陳暐皓,味全龍,投手,2.667,1,1,1,2,0,3.38,0.75,2.0,0.2,0.1,0.0,CPBL 官方全記錄查詢,0000006750,94.5,40.0,51.1,67.9,67.9,投手
2026,游霆崴,富邦悍將,投手,16.0,6,17,3,7,0,3.38,1.25,2.33,0.1029,0.0441,0.0,CPBL 官方全記錄查詢,0000000368,92.0,20.6,58.5,64.1,64.1,投手
2026,許承恩,台鋼雄鷹,投手,3.0,2,4,3,3,0,6.0,2.33,1.0,0.1765,0.1765,0.0,CPBL 官方全記錄查詢,0000007628,85.3,35.3,37.9,58.6,58.6,投手
2026,威鳳山,台鋼雄鷹,投手,17.0,7,21,2,13,0,3.71,1.35,6.5,0.1711,0.0263,0.0,CPBL 官方全記錄查詢,0000007836,91.4,34.2,83.5,74.7,74.7,投手
2026,黃子豪,台鋼雄鷹,投手,9.0,8,12,6,8,1,8.0,2.0,1.33,0.1739,0.1304,0.0217,CPBL 官方全記錄查詢,0000007303,85.9,34.8,44.3,60.6,60.6,投手
2026,謝葆錡,台鋼雄鷹,投手,2.0,1,3,0,1,0,4.5,1.5,0.0,0.125,0.0,0.0,CPBL 官方全記錄查詢,0000006917,90.2,25.0,50.0,61.8,61.8,投手
2026,巫柏葳,台鋼雄鷹,投手,1.667,4,4,1,0,0,21.6,3.0,0.0,0.0,0.1,0.0,CPBL 官方全記錄查詢,0000007066,74.0,0.0,40.0,45.3,45.3,投手
2026,黃紹睿,台鋼雄鷹,投手,1.0,3,1,1,1,0,27.0,2.0,1.0,0.1667,0.1667,0.0,CPBL 官方全記錄查詢,0000006922,76.2,33.3,38.9,54.3,54.3,投手
2026,曹祐齊,味全龍,投手,9.333,4,10,8,5,0,3.86,1.93,0.62,0.1064,0.1702,0.0,CPBL 官方全記錄查詢,0000006724,88.4,21.3,36.4,56.0,56.0,投手
2026,林逸達,味全龍,投手,1.333,3,2,3,0,1,20.25,3.75,0.0,0.0,0.3,0.1,CPBL 官方全記錄查詢,0000006159,70.9,0.0,20.0,37.9,37.9,投手
2026,鄧朝駿,中信兄弟,投手,2.0,3,4,1,1,0,13.5,2.5,1.0,0.0909,0.0909,0.0,CPBL 官方全記錄查詢,0000007279,80.6,18.2,46.5,54.8,54.8,投手
2026,周彥農,統一7-ELEVEn獅,投手,11.0,4,10,1,9,0,3.27,1.0,9.0,0.2093,0.0233,0.0,CPBL 官方全記錄查詢,0000007063,93.3,41.9,97.7,81.8,81.8,投手
2026,姚杰宏,統一7-ELEVEn獅,投手,1.667,1,3,0,0,1,5.4,1.8,0.0,0.0,0.0,0.1429,CPBL 官方全記錄查詢,0000005282,88.2,0.0,50.0,54.7,54.7,投手
2026,陳韻文,統一7-ELEVEn獅,投手,2.0,0,1,0,3,0,0.0,0.5,0.0,0.4286,0.0,0.0,CPBL 官方全記錄查詢,0000002688,97.5,85.7,50.0,80.3,80.3,投手
2026,邱緯綸,樂天桃猿,投手,2.0,0,3,1,2,0,0.0,2.0,2.0,0.2,0.1,0.0,CPBL 官方全記錄查詢,0000006855,90.0,40.0,51.1,65.8,65.8,投手
2026,王奕翔,樂天桃猿,投手,1.0,0,0,1,1,0,0.0,1.0,1.0,0.25,0.25,0.0,CPBL 官方全記錄查詢,0000007619,95.0,50.0,30.6,64.4,64.4,投手
2026,楊彬,樂天桃猿,投手,1.0,1,2,0,0,0,9.0,2.0,0.0,0.0,0.0,0.0,CPBL 官方全記錄查詢,0000004629,85.4,0.0,50.0,53.4,53.4,投手
2026,陳鏞基,統一7-ELEVEn獅,投手,0.333,0,2,0,0,0,0.0,6.0,0.0,0.0,0.0,0.0,CPBL 官方全記錄查詢,0000002661,70.0,0.0,50.0,46.5,46.5,投手
2026,林子偉,樂天桃猿,投手,1.0,0,1,0,0,0,0.0,1.0,0.0,0.0,0.0,0.0,CPBL 官方全記錄查詢,0000001618,95.0,0.0,50.0,57.8,57.8,投手
2026,余德龍,樂天桃猿,投手,1.0,1,3,0,2,1,9.0,3.0,0.0,0.3333,0.0,0.1667,CPBL 官方全記錄查詢,0000003563,80.4,66.7,50.0,67.9,67.9,投手
2026,榊原元稀,樂天桃猿,投手,6.0,1,4,0,3,0,1.5,0.67,0.0,0.1429,0.0,0.0,CPBL 官方全記錄查詢,0000007793,95.9,28.6,50.0,65.3,65.3,投手
2026,宋晟睿,中信兄弟,投手,1.0,0,0,1,1,0,0.0,1.0,1.0,0.25,0.25,0.0,CPBL 官方全記錄查詢,0000006225,95.0,50.0,30.6,64.4,64.4,投手
2026,大瀧幸治,中信兄弟,投手,1.0,0,0,0,0,0,0.0,0.0,0.0,0.0,0.0,0.0,CPBL 官方全記錄查詢,0000006815,100.0,0.0,50.0,60.0,60.0,投手
2026,林祖傑,統一7-ELEVEn獅,投手,0.667,0,0,0,0,0,0.0,0.0,0.0,0.0,0.0,0.0,CPBL 官方全記錄查詢,0000001339,100.0,0.0,50.0,60.0,60.0,投手
2026,林暉盛,中信兄弟,投手,3.0,2,2,4,2,1,6.0,2.0,0.5,0.125,0.25,0.0625,CPBL 官方全記錄查詢,0000007049,86.9,25.0,27.8,53.7,53.7,投手
2026,陳柏均,中信兄弟,投手,1.0,0,1,1,2,0,0.0,2.0,2.0,0.4,0.2,0.0,CPBL 官方全記錄查詢,0000006875,90.0,80.0,41.1,72.8,72.8,投手
2026,劉俊豪,富邦悍將,投手,1.0,3,2,2,0,0,27.0,4.0,0.0,0.0,0.2857,0.0,CPBL 官方全記錄查詢,0000006743,66.2,0.0,21.4,36.2,36.2,投手
2026,陳鐿中,富邦悍將,投手,1.0,1,1,0,2,1,9.0,1.0,0.0,0.5,0.0,0.25,CPBL 官方全記錄查詢,0000007295,90.4,100.0,50.0,80.7,80.7,投手
2026,楊鈺翔,味全龍,投手,3.333,0,3,1,1,0,0.0,1.2,1.0,0.0769,0.0769,0.0,CPBL 官方全記錄查詢,0000006236,94.0,15.4,47.9,60.5,60.5,投手
2026,王定穎,味全龍,投手,0.333,4,1,2,0,1,108.0,9.0,0.0,0.0,0.4,0.2,CPBL 官方全記錄查詢,0000002278,0.0,0.0,10.0,3.0,3.0,投手
2026,陳冠豪,台鋼雄鷹,投手,0.333,0,1,2,0,0,0.0,9.0,0.0,0.0,0.5,0.0,CPBL 官方全記錄查詢,0000006920,55.0,0.0,0.0,24.8,24.8,投手
2026,曾昱磬,台鋼雄鷹,投手,1.0,0,0,0,0,0,0.0,0.0,0.0,0.0,0.0,0.0,CPBL 官方全記錄查詢,0000007301,100.0,0.0,50.0,60.0,60.0,投手
