season,player_id,player_name,team,roster_status,profile_url,source_note
2026,0000007276,伍立辰,中信兄弟,現役,https://cpbl.com.tw/team/person?acnt=0000007276,CPBL 官方球員點將錄
2026,0000006176,余謙,中信兄弟,現役,https://cpbl.com.tw/team/person?acnt=0000006176,CPBL 官方球員點將錄
2026,0000007280,劉亦智,中信兄弟,合約所屬球員（二軍）,https://cpbl.com.tw/team/person?acnt=0000007280,CPBL 官方球員點將錄
2026,0000006221,劉貴元,中信兄弟,現役,https://cpbl.com.tw/team/person?acnt=0000006221,CPBL 官方球員點將錄
2026,0000005604,勝騎士,中信兄弟,現役,https://cpbl.com.tw/team/person?acnt=0000005604,CPBL 官方球員點將錄
2026,0000004625,吳俊偉,中信兄弟,現役,https://cpbl.com.tw/team/person?acnt=0000004625,CPBL 官方球員點將錄
2026,0000007586,吳瑞璁,中信兄弟,自主培訓或尚未註冊（二軍）,https://cpbl.com.tw/team/person?acnt=0000007586,CPBL 官方球員點將錄
2026,0000003639,呂彥青,中信兄弟,現役,https://cpbl.com.tw/team/person?acnt=0000003639,CPBL 官方球員點將錄
2026,0000007623,呂昱廷,中信兄弟,合約所屬球員（二軍）,https://cpbl.com.tw/team/person?acnt=0000007623,CPBL 官方球員點將錄
2026,0000006225,宋晟睿,中信兄弟,現役,https://cpbl.com.tw/team/person?acnt=0000006225,CPBL 官方球員點將錄
2026,0000005571,岳政華,中信兄弟,現役,https://cpbl.com.tw/team/person?acnt=0000005571,CPBL 官方球員點將錄
2026,0000002291,岳東華,中信兄弟,現役,https://cpbl.com.tw/team/person?acnt=0000002291,CPBL 官方球員點將錄
2026,0000006730,張仁瑋,中信兄弟,現役,https://cpbl.com.tw/team/person?acnt=0000006730,CPBL 官方球員點將錄
2026,0000007085,張士綸,中信兄弟,現役,https://cpbl.com.tw/team/person?acnt=0000007085,CPBL 官方球員點將錄
2026,0000003183,張志豪,中信兄弟,現役,https://cpbl.com.tw/team/person?acnt=0000003183,CPBL 官方球員點將錄
2026,0000006876,張祖恩,中信兄弟,合約所屬球員（二軍）,https://cpbl.com.tw/team/person?acnt=0000006876,CPBL 官方球員點將錄
2026,0000007088,徐博瑋,中信兄弟,現役,https://cpbl.com.tw/team/person?acnt=0000007088,CPBL 官方球員點將錄
2026,0000007626,徐磊,中信兄弟,合約所屬球員（二軍）,https://cpbl.com.tw/team/person?acnt=0000007626,CPBL 官方球員點將錄
2026,0000007284,徐紹予,中信兄弟,現役,https://cpbl.com.tw/team/person?acnt=0000007284,CPBL 官方球員點將錄
2026,0000006006,德保拉,中信兄弟,現役,https://cpbl.com.tw/team/person?acnt=0000006006,CPBL 官方球員點將錄
2026,0000007792,施季定華,中信兄弟,合約所屬球員（二軍）,https://cpbl.com.tw/team/person?acnt=0000007792,CPBL 官方球員點將錄
2026,0000006923,曾品洋,中信兄弟,現役,https://cpbl.com.tw/team/person?acnt=0000006923,CPBL 官方球員點將錄
2026,0000005569,曾頌恩,中信兄弟,現役,https://cpbl.com.tw/team/person?acnt=0000005569,CPBL 官方球員點將錄
2026,0000007286,朱宏樺,中信兄弟,合約所屬球員（二軍）,https://cpbl.com.tw/team/person?acnt=0000007286,CPBL 官方球員點將錄
2026,0000003331,李振昌,中信兄弟,現役,https://cpbl.com.tw/team/person?acnt=0000003331,CPBL 官方球員點將錄
2026,0000005656,李聖裕,中信兄弟,現役,https://cpbl.com.tw/team/person?acnt=0000005656,CPBL 官方球員點將錄
2026,0000007827,杰克,中信兄弟,合約所屬球員（二軍）,https://cpbl.com.tw/team/person?acnt=0000007827,CPBL 官方球員點將錄
2026,0000006224,林吳晉瑋,中信兄弟,現役,https://cpbl.com.tw/team/person?acnt=0000006224,CPBL 官方球員點將錄
2026,0000007285,林展樟,中信兄弟,合約所屬球員（二軍）,https://cpbl.com.tw/team/person?acnt=0000007285,CPBL 官方球員點將錄
2026,0000005342,林志綱,中信兄弟,現役,https://cpbl.com.tw/team/person?acnt=0000005342,CPBL 官方球員點將錄
2026,0000007049,林暉盛,中信兄弟,現役,https://cpbl.com.tw/team/person?acnt=0000007049,CPBL 官方球員點將錄
2026,0000005567,林瑞鈞,中信兄弟,現役,https://cpbl.com.tw/team/person?acnt=0000005567,CPBL 官方球員點將錄
2026,0000007086,楊祥禾,中信兄弟,現役,https://cpbl.com.tw/team/person?acnt=0000007086,CPBL 官方球員點將錄
2026,0000004636,江坤宇,中信兄弟,現役,https://cpbl.com.tw/team/person?acnt=0000004636,CPBL 官方球員點將錄
2026,0000001232,江忠城,中信兄弟,現役,https://cpbl.com.tw/team/person?acnt=0000001232,CPBL 官方球員點將錄
2026,0000007281,游竣宥,中信兄弟,現役,https://cpbl.com.tw/team/person?acnt=0000007281,CPBL 官方球員點將錄
2026,0000007624,焦子杰,中信兄弟,合約所屬球員（二軍）,https://cpbl.com.tw/team/person?acnt=0000007624,CPBL 官方球員點將錄
2026,0000000776,王凱程,中信兄弟,現役,https://cpbl.com.tw/team/person?acnt=0000000776,CPBL 官方球員點將錄
2026,0000004626,王奕凱,中信兄弟,現役,https://cpbl.com.tw/team/person?acnt=0000004626,CPBL 官方球員點將錄
2026,0000000929,王威晨,中信兄弟,現役,https://cpbl.com.tw/team/person?acnt=0000000929,CPBL 官方球員點將錄
2026,0000002307,王政順,中信兄弟,現役,https://cpbl.com.tw/team/person?acnt=0000002307,CPBL 官方球員點將錄
2026,0000007627,王興楷,中信兄弟,合約所屬球員（二軍）,https://cpbl.com.tw/team/person?acnt=0000007627,CPBL 官方球員點將錄
2026,0000006874,盧孟揚,中信兄弟,現役,https://cpbl.com.tw/team/person?acnt=0000006874,CPBL 官方球員點將錄
2026,0000006963,盧彥祖,中信兄弟,自主培訓或尚未註冊（二軍）,https://cpbl.com.tw/team/person?acnt=0000006963,CPBL 官方球員點將錄
2026,0000005151,羅戈,中信兄弟,現役,https://cpbl.com.tw/team/person?acnt=0000005151,CPBL 官方球員點將錄
2026,0000007087,胡孟智,中信兄弟,現役,https://cpbl.com.tw/team/person?acnt=0000007087,CPBL 官方球員點將錄
2026,0000007560,菲力士,中信兄弟,現役,https://cpbl.com.tw/team/person?acnt=0000007560,CPBL 官方球員點將錄
2026,0000007621,蔡琞傑,中信兄弟,合約所屬球員（二軍）,https://cpbl.com.tw/team/person?acnt=0000007621,CPBL 官方球員點將錄
2026,0000000778,蔡齊哲,中信兄弟,現役,https://cpbl.com.tw/team/person?acnt=0000000778,CPBL 官方球員點將錄
2026,0000000908,蘇緯達,中信兄弟,合約所屬球員（二軍）,https://cpbl.com.tw/team/person?acnt=0000000908,CPBL 官方球員點將錄
2026,0000001119,許基宏,中信兄弟,現役,https://cpbl.com.tw/team/person?acnt=0000001119,CPBL 官方球員點將錄
2026,0000007278,許庭綸,中信兄弟,現役,https://cpbl.com.tw/team/person?acnt=0000007278,CPBL 官方球員點將錄
2026,0000002297,詹子賢,中信兄弟,現役,https://cpbl.com.tw/team/person?acnt=0000002297,CPBL 官方球員點將錄
2026,0000003506,謝榮豪,中信兄弟,現役,https://cpbl.com.tw/team/person?acnt=0000003506,CPBL 官方球員點將錄
2026,0000007279,鄧朝駿,中信兄弟,現役,https://cpbl.com.tw/team/person?acnt=0000007279,CPBL 官方球員點將錄
2026,0000003334,鄭凱文,中信兄弟,合約所屬球員（二軍）,https://cpbl.com.tw/team/person?acnt=0000003334,CPBL 官方球員點將錄
2026,0000002345,鄭浩均,中信兄弟,現役,https://cpbl.com.tw/team/person?acnt=0000002345,CPBL 官方球員點將錄
2026,0000007622,錢可倫,中信兄弟,現役,https://cpbl.com.tw/team/person?acnt=0000007622,CPBL 官方球員點將錄
2026,0000007282,陳九登,中信兄弟,現役,https://cpbl.com.tw/team/person?acnt=0000007282,CPBL 官方球員點將錄
2026,0000003609,陳俊秀,中信兄弟,現役,https://cpbl.com.tw/team/person?acnt=0000003609,CPBL 官方球員點將錄
2026,0000007283,陳冠穎,中信兄弟,現役,https://cpbl.com.tw/team/person?acnt=0000007283,CPBL 官方球員點將錄
2026,0000007585,陳原維,中信兄弟,自主培訓或尚未註冊（二軍）,https://cpbl.com.tw/team/person?acnt=0000007585,CPBL 官方球員點將錄
2026,0000007029,陳子傑,中信兄弟,自主培訓或尚未註冊（二軍）,https://cpbl.com.tw/team/person?acnt=0000007029,CPBL 官方球員點將錄
2026,0000006875,陳柏均,中信兄弟,現役,https://cpbl.com.tw/team/person?acnt=0000006875,CPBL 官方球員點將錄
2026,0000000771,陳琥,中信兄弟,現役,https://cpbl.com.tw/team/person?acnt=0000000771,CPBL 官方球員點將錄
2026,0000006732,陳統恩,中信兄弟,現役,https://cpbl.com.tw/team/person?acnt=0000006732,CPBL 官方球員點將錄
2026,0000007584,陳聖凱,中信兄弟,自主培訓或尚未註冊（二軍）,https://cpbl.com.tw/team/person?acnt=0000007584,CPBL 官方球員點將錄
2026,0000007625,陳英睿,中信兄弟,合約所屬球員（二軍）,https://cpbl.com.tw/team/person?acnt=0000007625,CPBL 官方球員點將錄
2026,0000007788,陶樂,中信兄弟,合約所屬球員（二軍）,https://cpbl.com.tw/team/person?acnt=0000007788,CPBL 官方球員點將錄
2026,0000006869,馮皓,中信兄弟,現役,https://cpbl.com.tw/team/person?acnt=0000006869,CPBL 官方球員點將錄
2026,0000002285,高宇杰,中信兄弟,現役,https://cpbl.com.tw/team/person?acnt=0000002285,CPBL 官方球員點將錄
2026,0000007620,高秉洋,中信兄弟,合約所屬球員（二軍）,https://cpbl.com.tw/team/person?acnt=0000007620,CPBL 官方球員點將錄
2026,0000005572,魏碩成,中信兄弟,現役,https://cpbl.com.tw/team/person?acnt=0000005572,CPBL 官方球員點將錄
2026,0000007319,黃冠倫,中信兄弟,自主培訓或尚未註冊（二軍）,https://cpbl.com.tw/team/person?acnt=0000007319,CPBL 官方球員點將錄
2026,0000002271,黃恩賜,中信兄弟,現役,https://cpbl.com.tw/team/person?acnt=0000002271,CPBL 官方球員點將錄
2026,0000006734,黃鈞麟,中信兄弟,現役,https://cpbl.com.tw/team/person?acnt=0000006734,CPBL 官方球員點將錄
2026,0000007277,黃霆杉,中信兄弟,合約所屬球員（二軍）,https://cpbl.com.tw/team/person?acnt=0000007277,CPBL 官方球員點將錄
2026,0000005298,黃韋盛,中信兄弟,現役,https://cpbl.com.tw/team/person?acnt=0000005298,CPBL 官方球員點將錄
2026,0000007787,黎克,中信兄弟,註銷註冊（二軍）,https://cpbl.com.tw/team/person?acnt=0000007787,CPBL 官方球員點將錄
2026,0000006921,伍祐城,台鋼雄鷹,現役,https://cpbl.com.tw/team/person?acnt=0000006921,CPBL 官方球員點將錄
2026,0000001258,劉時豪,台鋼雄鷹,現役,https://cpbl.com.tw/team/person?acnt=0000001258,CPBL 官方球員點將錄
2026,0000003649,吳念庭,台鋼雄鷹,現役,https://cpbl.com.tw/team/person?acnt=0000003649,CPBL 官方球員點將錄
2026,0000002304,吳明鴻,台鋼雄鷹,現役,https://cpbl.com.tw/team/person?acnt=0000002304,CPBL 官方球員點將錄
2026,0000006938,吳柏萱,台鋼雄鷹,現役,https://cpbl.com.tw/team/person?acnt=0000006938,CPBL 官方球員點將錄
2026,0000007570,坎南,台鋼雄鷹,現役,https://cpbl.com.tw/team/person?acnt=0000007570,CPBL 官方球員點將錄
2026,0000007302,宋柏翰,台鋼雄鷹,現役,https://cpbl.com.tw/team/person?acnt=0000007302,CPBL 官方球員點將錄
2026,0000007066,巫柏葳,台鋼雄鷹,合約所屬球員（二軍）,https://cpbl.com.tw/team/person?acnt=0000007066,CPBL 官方球員點將錄
2026,0000002281,廖乙忠,台鋼雄鷹,現役,https://cpbl.com.tw/team/person?acnt=0000002281,CPBL 官方球員點將錄
2026,0000006924,廖奕安,台鋼雄鷹,現役,https://cpbl.com.tw/team/person?acnt=0000006924,CPBL 官方球員點將錄
2026,0000006211,張肇元,台鋼雄鷹,合約所屬球員（二軍）,https://cpbl.com.tw/team/person?acnt=0000006211,CPBL 官方球員點將錄
2026,0000007069,張誠恩,台鋼雄鷹,合約所屬球員（二軍）,https://cpbl.com.tw/team/person?acnt=0000007069,CPBL 官方球員點將錄
2026,0000007045,張豈豪,台鋼雄鷹,合約所屬球員（二軍）,https://cpbl.com.tw/team/person?acnt=0000007045,CPBL 官方球員點將錄
2026,0000006507,後勁,台鋼雄鷹,現役,https://cpbl.com.tw/team/person?acnt=0000006507,CPBL 官方球員點將錄
2026,0000007300,方郁淮,台鋼雄鷹,合約所屬球員（二軍）,https://cpbl.com.tw/team/person?acnt=0000007300,CPBL 官方球員點將錄
2026,0000002348,施子謙,台鋼雄鷹,現役,https://cpbl.com.tw/team/person?acnt=0000002348,CPBL 官方球員點將錄
2026,0000007067,曾奕翔,台鋼雄鷹,合約所屬球員（二軍）,https://cpbl.com.tw/team/person?acnt=0000007067,CPBL 官方球員點將錄
2026,0000006927,曾子祐,台鋼雄鷹,現役,https://cpbl.com.tw/team/person?acnt=0000006927,CPBL 官方球員點將錄
2026,0000007301,曾昱磬,台鋼雄鷹,現役,https://cpbl.com.tw/team/person?acnt=0000007301,CPBL 官方球員點將錄
2026,0000007631,朱盟,台鋼雄鷹,現役,https://cpbl.com.tw/team/person?acnt=0000007631,CPBL 官方球員點將錄
2026,0000006918,李欣穎,台鋼雄鷹,現役,https://cpbl.com.tw/team/person?acnt=0000006918,CPBL 官方球員點將錄
2026,0000000753,杜家明,台鋼雄鷹,現役,https://cpbl.com.tw/team/person?acnt=0000000753,CPBL 官方球員點將錄
2026,0000006933,林威漢,台鋼雄鷹,合約所屬球員（二軍）,https://cpbl.com.tw/team/person?acnt=0000006933,CPBL 官方球員點將錄
2026,0000006928,林家鋐,台鋼雄鷹,現役,https://cpbl.com.tw/team/person?acnt=0000006928,CPBL 官方球員點將錄
2026,0000007632,林建宏,台鋼雄鷹,合約所屬球員（二軍）,https://cpbl.com.tw/team/person?acnt=0000007632,CPBL 官方球員點將錄
2026,0000006949,林詩翔,台鋼雄鷹,現役,https://cpbl.com.tw/team/person?acnt=0000006949,CPBL 官方球員點將錄
2026,0000007567,櫻井周斗,台鋼雄鷹,自主培訓或尚未註冊（二軍）,https://cpbl.com.tw/team/person?acnt=0000007567,CPBL 官方球員點將錄
2026,0000007833,永田颯太郎,台鋼雄鷹,現役,https://cpbl.com.tw/team/person?acnt=0000007833,CPBL 官方球員點將錄
2026,0000002679,江承諺,台鋼雄鷹,現役,https://cpbl.com.tw/team/person?acnt=0000002679,CPBL 官方球員點將錄
2026,0000005333,湯家豪,台鋼雄鷹,現役,https://cpbl.com.tw/team/person?acnt=0000005333,CPBL 官方球員點將錄
2026,0000005340,王博玄,台鋼雄鷹,現役,https://cpbl.com.tw/team/person?acnt=0000005340,CPBL 官方球員點將錄
2026,0000007065,王柏傑,台鋼雄鷹,現役,https://cpbl.com.tw/team/person?acnt=0000007065,CPBL 官方球員點將錄
2026,0000000935,王柏融,台鋼雄鷹,現役,https://cpbl.com.tw/team/person?acnt=0000000935,CPBL 官方球員點將錄
2026,0000001603,王維中,台鋼雄鷹,現役,https://cpbl.com.tw/team/person?acnt=0000001603,CPBL 官方球員點將錄
2026,0000001390,王躍霖,台鋼雄鷹,現役,https://cpbl.com.tw/team/person?acnt=0000001390,CPBL 官方球員點將錄
2026,0000006929,紀慶然,台鋼雄鷹,現役,https://cpbl.com.tw/team/person?acnt=0000006929,CPBL 官方球員點將錄
2026,0000004643,胡冠俞,台鋼雄鷹,現役,https://cpbl.com.tw/team/person?acnt=0000004643,CPBL 官方球員點將錄
2026,0000007053,艾速特,台鋼雄鷹,現役,https://cpbl.com.tw/team/person?acnt=0000007053,CPBL 官方球員點將錄
2026,0000006940,葉保弟,台鋼雄鷹,現役,https://cpbl.com.tw/team/person?acnt=0000006940,CPBL 官方球員點將錄
2026,0000005296,董秉軒,台鋼雄鷹,現役,https://cpbl.com.tw/team/person?acnt=0000005296,CPBL 官方球員點將錄
2026,0000003533,藍寅倫,台鋼雄鷹,現役,https://cpbl.com.tw/team/person?acnt=0000003533,CPBL 官方球員點將錄
2026,0000005285,許峻暘,台鋼雄鷹,現役,https://cpbl.com.tw/team/person?acnt=0000005285,CPBL 官方球員點將錄
2026,0000007628,許承恩,台鋼雄鷹,合約所屬球員（二軍）,https://cpbl.com.tw/team/person?acnt=0000007628,CPBL 官方球員點將錄
2026,0000006767,許育銘,台鋼雄鷹,現役,https://cpbl.com.tw/team/person?acnt=0000006767,CPBL 官方球員點將錄
2026,0000006917,謝葆錡,台鋼雄鷹,現役,https://cpbl.com.tw/team/person?acnt=0000006917,CPBL 官方球員點將錄
2026,0000002272,賴智垣,台鋼雄鷹,現役,https://cpbl.com.tw/team/person?acnt=0000002272,CPBL 官方球員點將錄
2026,0000007630,邱立璿,台鋼雄鷹,合約所屬球員（二軍）,https://cpbl.com.tw/team/person?acnt=0000007630,CPBL 官方球員點將錄
2026,0000003174,郭永維,台鋼雄鷹,現役,https://cpbl.com.tw/team/person?acnt=0000003174,CPBL 官方球員點將錄
2026,0000001291,郭阜林,台鋼雄鷹,現役,https://cpbl.com.tw/team/person?acnt=0000001291,CPBL 官方球員點將錄
2026,0000007064,陳世嘉,台鋼雄鷹,現役,https://cpbl.com.tw/team/person?acnt=0000007064,CPBL 官方球員點將錄
2026,0000006920,陳冠豪,台鋼雄鷹,現役,https://cpbl.com.tw/team/person?acnt=0000006920,CPBL 官方球員點將錄
2026,0000006833,陳宇宏,台鋼雄鷹,現役,https://cpbl.com.tw/team/person?acnt=0000006833,CPBL 官方球員點將錄
2026,0000000772,陳文杰,台鋼雄鷹,現役,https://cpbl.com.tw/team/person?acnt=0000000772,CPBL 官方球員點將錄
2026,0000006832,陳柏清,台鋼雄鷹,現役,https://cpbl.com.tw/team/person?acnt=0000006832,CPBL 官方球員點將錄
2026,0000006771,陳正毅,台鋼雄鷹,現役,https://cpbl.com.tw/team/person?acnt=0000006771,CPBL 官方球員點將錄
2026,0000006926,陳致嘉,台鋼雄鷹,現役,https://cpbl.com.tw/team/person?acnt=0000006926,CPBL 官方球員點將錄
2026,0000007032,陳重光,台鋼雄鷹,合約所屬球員（二軍）,https://cpbl.com.tw/team/person?acnt=0000007032,CPBL 官方球員點將錄
2026,0000007013,陳飛霖,台鋼雄鷹,現役,https://cpbl.com.tw/team/person?acnt=0000007013,CPBL 官方球員點將錄
2026,0000007580,韋宏亮,台鋼雄鷹,現役,https://cpbl.com.tw/team/person?acnt=0000007580,CPBL 官方球員點將錄
2026,0000006835,顏清浤,台鋼雄鷹,現役,https://cpbl.com.tw/team/person?acnt=0000006835,CPBL 官方球員點將錄
2026,0000006939,顏郁軒,台鋼雄鷹,現役,https://cpbl.com.tw/team/person?acnt=0000006939,CPBL 官方球員點將錄
2026,0000007629,顏采丞,台鋼雄鷹,現役,https://cpbl.com.tw/team/person?acnt=0000007629,CPBL 官方球員點將錄
2026,0000006936,高聖恩,台鋼雄鷹,現役,https://cpbl.com.tw/team/person?acnt=0000006936,CPBL 官方球員點將錄
2026,0000007239,魔鷹,台鋼雄鷹,現役,https://cpbl.com.tw/team/person?acnt=0000007239,CPBL 官方球員點將錄
2026,0000006931,黃劼希,台鋼雄鷹,現役,https://cpbl.com.tw/team/person?acnt=0000006931,CPBL 官方球員點將錄
2026,0000007303,黃子豪,台鋼雄鷹,現役,https://cpbl.com.tw/team/person?acnt=0000007303,CPBL 官方球員點將錄
2026,0000002274,黃子鵬,台鋼雄鷹,現役,https://cpbl.com.tw/team/person?acnt=0000002274,CPBL 官方球員點將錄
2026,0000006930,黃秉揚,台鋼雄鷹,現役,https://cpbl.com.tw/team/person?acnt=0000006930,CPBL 官方球員點將錄
2026,0000006922,黃紹睿,台鋼雄鷹,現役,https://cpbl.com.tw/team/person?acnt=0000006922,CPBL 官方球員點將錄
2026,0000006982,黃群,台鋼雄鷹,現役,https://cpbl.com.tw/team/person?acnt=0000006982,CPBL 官方球員點將錄
2026,0000000762,伍鐸,味全龍,現役,https://cpbl.com.tw/team/person?acnt=0000000762,CPBL 官方球員點將錄
2026,0000007608,傅鈞致,味全龍,合約所屬球員（二軍）,https://cpbl.com.tw/team/person?acnt=0000007608,CPBL 官方球員點將錄
2026,0000005532,全浩瑋,味全龍,合約所屬球員（二軍）,https://cpbl.com.tw/team/person?acnt=0000005532,CPBL 官方球員點將錄
2026,0000006879,冉皓燐,味全龍,現役,https://cpbl.com.tw/team/person?acnt=0000006879,CPBL 官方球員點將錄
2026,0000007079,劉俊緯,味全龍,現役,https://cpbl.com.tw/team/person?acnt=0000007079,CPBL 官方球員點將錄
2026,0000005545,劉基鴻,味全龍,現役,https://cpbl.com.tw/team/person?acnt=0000005545,CPBL 官方球員點將錄
2026,0000007309,劉曜豪,味全龍,合約所屬球員（二軍）,https://cpbl.com.tw/team/person?acnt=0000007309,CPBL 官方球員點將錄
2026,0000003625,吉力吉撈．鞏冠,味全龍,現役,https://cpbl.com.tw/team/person?acnt=0000003625,CPBL 官方球員點將錄
2026,0000002279,吳俊杰,味全龍,現役,https://cpbl.com.tw/team/person?acnt=0000002279,CPBL 官方球員點將錄
2026,0000006878,吳君奕,味全龍,現役,https://cpbl.com.tw/team/person?acnt=0000006878,CPBL 官方球員點將錄
2026,0000007610,吳承皓,味全龍,現役,https://cpbl.com.tw/team/person?acnt=0000007610,CPBL 官方球員點將錄
2026,0000007311,吳承翰,味全龍,合約所屬球員（二軍）,https://cpbl.com.tw/team/person?acnt=0000007311,CPBL 官方球員點將錄
2026,0000001409,吳東融,味全龍,現役,https://cpbl.com.tw/team/person?acnt=0000001409,CPBL 官方球員點將錄
2026,0000007582,吳東霖,味全龍,自主培訓或尚未註冊（二軍）,https://cpbl.com.tw/team/person?acnt=0000007582,CPBL 官方球員點將錄
2026,0000005552,呂偉晟,味全龍,現役,https://cpbl.com.tw/team/person?acnt=0000005552,CPBL 官方球員點將錄
2026,0000006731,周委宏,味全龍,現役,https://cpbl.com.tw/team/person?acnt=0000006731,CPBL 官方球員點將錄
2026,0000005563,姚冠瑋,味全龍,現役,https://cpbl.com.tw/team/person?acnt=0000005563,CPBL 官方球員點將錄
2026,0000007609,崔聖允,味全龍,合約所屬球員（二軍）,https://cpbl.com.tw/team/person?acnt=0000007609,CPBL 官方球員點將錄
2026,0000005542,張政禹,味全龍,現役,https://cpbl.com.tw/team/person?acnt=0000005542,CPBL 官方球員點將錄
2026,0000007055,張景淯,味全龍,現役,https://cpbl.com.tw/team/person?acnt=0000007055,CPBL 官方球員點將錄
2026,0000006725,張祐嘉,味全龍,現役,https://cpbl.com.tw/team/person?acnt=0000006725,CPBL 官方球員點將錄
2026,0000005553,張祐銘,味全龍,現役,https://cpbl.com.tw/team/person?acnt=0000005553,CPBL 官方球員點將錄
2026,0000006723,張鈞守,味全龍,現役,https://cpbl.com.tw/team/person?acnt=0000006723,CPBL 官方球員點將錄
2026,0000005546,拿莫．伊漾,味全龍,現役,https://cpbl.com.tw/team/person?acnt=0000005546,CPBL 官方球員點將錄
2026,0000006724,曹祐齊,味全龍,現役,https://cpbl.com.tw/team/person?acnt=0000006724,CPBL 官方球員點將錄
2026,0000003608,曾仁和,味全龍,現役,https://cpbl.com.tw/team/person?acnt=0000003608,CPBL 官方球員點將錄
2026,0000007304,曾聖安,味全龍,現役,https://cpbl.com.tw/team/person?acnt=0000007304,CPBL 官方球員點將錄
2026,0000001318,朱育賢,味全龍,現役,https://cpbl.com.tw/team/person?acnt=0000001318,CPBL 官方球員點將錄
2026,0000005540,李凱威,味全龍,現役,https://cpbl.com.tw/team/person?acnt=0000005540,CPBL 官方球員點將錄
2026,0000006726,李展毅,味全龍,現役,https://cpbl.com.tw/team/person?acnt=0000006726,CPBL 官方球員點將錄
2026,0000007305,李致霖,味全龍,現役,https://cpbl.com.tw/team/person?acnt=0000007305,CPBL 官方球員點將錄
2026,0000006160,李超,味全龍,現役,https://cpbl.com.tw/team/person?acnt=0000006160,CPBL 官方球員點將錄
2026,0000005788,林凱威,味全龍,現役,https://cpbl.com.tw/team/person?acnt=0000005788,CPBL 官方球員點將錄
2026,0000001821,林子昱,味全龍,現役,https://cpbl.com.tw/team/person?acnt=0000001821,CPBL 官方球員點將錄
2026,0000005548,林孝程,味全龍,現役,https://cpbl.com.tw/team/person?acnt=0000005548,CPBL 官方球員點將錄
2026,0000007083,林柏佑,味全龍,現役,https://cpbl.com.tw/team/person?acnt=0000007083,CPBL 官方球員點將錄
2026,0000007611,林紘維,味全龍,合約所屬球員（二軍）,https://cpbl.com.tw/team/person?acnt=0000007611,CPBL 官方球員點將錄
2026,0000007613,林軒宇,味全龍,合約所屬球員（二軍）,https://cpbl.com.tw/team/person?acnt=0000007613,CPBL 官方球員點將錄
2026,0000006217,林辰勳,味全龍,現役,https://cpbl.com.tw/team/person?acnt=0000006217,CPBL 官方球員點將錄
2026,0000006159,林逸達,味全龍,現役,https://cpbl.com.tw/team/person?acnt=0000006159,CPBL 官方球員點將錄
2026,0000005789,林鋅杰,味全龍,現役,https://cpbl.com.tw/team/person?acnt=0000005789,CPBL 官方球員點將錄
2026,0000006555,梅賽鍶,味全龍,現役,https://cpbl.com.tw/team/person?acnt=0000006555,CPBL 官方球員點將錄
2026,0000006236,楊鈺翔,味全龍,現役,https://cpbl.com.tw/team/person?acnt=0000006236,CPBL 官方球員點將錄
2026,0000007587,潘信安,味全龍,自主培訓或尚未註冊（二軍）,https://cpbl.com.tw/team/person?acnt=0000007587,CPBL 官方球員點將錄
2026,0000006910,王伯洋,味全龍,現役,https://cpbl.com.tw/team/person?acnt=0000006910,CPBL 官方球員點將錄
2026,0000002278,王定穎,味全龍,現役,https://cpbl.com.tw/team/person?acnt=0000002278,CPBL 官方球員點將錄
2026,0000006216,王順和,味全龍,現役,https://cpbl.com.tw/team/person?acnt=0000006216,CPBL 官方球員點將錄
2026,0000000356,石翔宇,味全龍,現役,https://cpbl.com.tw/team/person?acnt=0000000356,CPBL 官方球員點將錄
2026,0000004646,翁瑋均,味全龍,合約所屬球員（二軍）,https://cpbl.com.tw/team/person?acnt=0000004646,CPBL 官方球員點將錄
2026,0000005291,蔣少宏,味全龍,現役,https://cpbl.com.tw/team/person?acnt=0000005291,CPBL 官方球員點將錄
2026,0000007779,蔣銲,味全龍,現役,https://cpbl.com.tw/team/person?acnt=0000007779,CPBL 官方球員點將錄
2026,0000007307,薛毓達,味全龍,合約所屬球員（二軍）,https://cpbl.com.tw/team/person?acnt=0000007307,CPBL 官方球員點將錄
2026,0000007308,許博閎,味全龍,現役,https://cpbl.com.tw/team/person?acnt=0000007308,CPBL 官方球員點將錄
2026,0000007310,許子謙,味全龍,合約所屬球員（二軍）,https://cpbl.com.tw/team/person?acnt=0000007310,CPBL 官方球員點將錄
2026,0000006722,賴知頎,味全龍,合約所屬球員（二軍）,https://cpbl.com.tw/team/person?acnt=0000006722,CPBL 官方球員點將錄
2026,0000006215,趙璟榮,味全龍,現役,https://cpbl.com.tw/team/person?acnt=0000006215,CPBL 官方球員點將錄
2026,0000005549,郭天信,味全龍,現役,https://cpbl.com.tw/team/person?acnt=0000005549,CPBL 官方球員點將錄
2026,0000005541,郭郁政,味全龍,現役,https://cpbl.com.tw/team/person?acnt=0000005541,CPBL 官方球員點將錄
2026,0000006881,鄭展昊,味全龍,合約所屬球員（二軍）,https://cpbl.com.tw/team/person?acnt=0000006881,CPBL 官方球員點將錄
2026,0000006497,鋼龍,味全龍,現役,https://cpbl.com.tw/team/person?acnt=0000006497,CPBL 官方球員點將錄
2026,0000005555,陳冠偉,味全龍,現役,https://cpbl.com.tw/team/person?acnt=0000005555,CPBL 官方球員點將錄
2026,0000000743,陳子豪,味全龍,現役,https://cpbl.com.tw/team/person?acnt=0000000743,CPBL 官方球員點將錄
2026,0000006729,陳志杰,味全龍,合約所屬球員（二軍）,https://cpbl.com.tw/team/person?acnt=0000006729,CPBL 官方球員點將錄
2026,0000006728,陳思仲,味全龍,現役,https://cpbl.com.tw/team/person?acnt=0000006728,CPBL 官方球員點將錄
2026,0000006750,陳暐皓,味全龍,現役,https://cpbl.com.tw/team/person?acnt=0000006750,CPBL 官方球員點將錄
2026,0000000135,陳禹勳,味全龍,現役,https://cpbl.com.tw/team/person?acnt=0000000135,CPBL 官方球員點將錄
2026,0000007082,陽念祖,味全龍,現役,https://cpbl.com.tw/team/person?acnt=0000007082,CPBL 官方球員點將錄
2026,0000007264,魔神龍,味全龍,現役,https://cpbl.com.tw/team/person?acnt=0000007264,CPBL 官方球員點將錄
2026,0000007081,黃侰程,味全龍,現役,https://cpbl.com.tw/team/person?acnt=0000007081,CPBL 官方球員點將錄
2026,0000007581,黃暐傑,味全龍,現役,https://cpbl.com.tw/team/person?acnt=0000007581,CPBL 官方球員點將錄
2026,0000005538,黃柏豪,味全龍,現役,https://cpbl.com.tw/team/person?acnt=0000005538,CPBL 官方球員點將錄
2026,0000007306,黃贊維,味全龍,現役,https://cpbl.com.tw/team/person?acnt=0000007306,CPBL 官方球員點將錄
2026,0000006743,劉俊豪,富邦悍將,現役,https://cpbl.com.tw/team/person?acnt=0000006743,CPBL 官方球員點將錄
2026,0000007592,劉承佑,富邦悍將,合約所屬球員（二軍）,https://cpbl.com.tw/team/person?acnt=0000007592,CPBL 官方球員點將錄
2026,0000001524,劉昱言,富邦悍將,現役,https://cpbl.com.tw/team/person?acnt=0000001524,CPBL 官方球員點將錄
2026,0000000367,吳世豪,富邦悍將,現役,https://cpbl.com.tw/team/person?acnt=0000000367,CPBL 官方球員點將錄
2026,0000006868,周佳樂,富邦悍將,現役,https://cpbl.com.tw/team/person?acnt=0000006868,CPBL 官方球員點將錄
2026,0000007782,威戈神,富邦悍將,現役,https://cpbl.com.tw/team/person?acnt=0000007782,CPBL 官方球員點將錄
2026,0000006738,孔念恩,富邦悍將,現役,https://cpbl.com.tw/team/person?acnt=0000006738,CPBL 官方球員點將錄
2026,0000007805,山崎正義,富邦悍將,合約所屬球員（二軍）,https://cpbl.com.tw/team/person?acnt=0000007805,CPBL 官方球員點將錄
2026,0000005292,岳少華,富邦悍將,合約所屬球員（二軍）,https://cpbl.com.tw/team/person?acnt=0000005292,CPBL 官方球員點將錄
2026,0000002280,廖任磊,富邦悍將,現役,https://cpbl.com.tw/team/person?acnt=0000002280,CPBL 官方球員點將錄
2026,0000005790,張奕,富邦悍將,現役,https://cpbl.com.tw/team/person?acnt=0000005790,CPBL 官方球員點將錄
2026,0000000361,張洺瑀,富邦悍將,現役,https://cpbl.com.tw/team/person?acnt=0000000361,CPBL 官方球員點將錄
2026,0000000938,張瑞麟,富邦悍將,現役,https://cpbl.com.tw/team/person?acnt=0000000938,CPBL 官方球員點將錄
2026,0000006888,張育成,富邦悍將,現役,https://cpbl.com.tw/team/person?acnt=0000006888,CPBL 官方球員點將錄
2026,0000007591,張育豪,富邦悍將,現役,https://cpbl.com.tw/team/person?acnt=0000007591,CPBL 官方球員點將錄
2026,0000000910,張進德,富邦悍將,現役,https://cpbl.com.tw/team/person?acnt=0000000910,CPBL 官方球員點將錄
2026,0000007832,悍里歐,富邦悍將,合約所屬球員（二軍）,https://cpbl.com.tw/team/person?acnt=0000007832,CPBL 官方球員點將錄
2026,0000004645,戴培峰,富邦悍將,現役,https://cpbl.com.tw/team/person?acnt=0000004645,CPBL 官方球員點將錄
2026,0000006227,曾峻岳,富邦悍將,現役,https://cpbl.com.tw/team/person?acnt=0000006227,CPBL 官方球員點將錄
2026,0000000773,李吳永勤,富邦悍將,現役,https://cpbl.com.tw/team/person?acnt=0000000773,CPBL 官方球員點將錄
2026,0000001473,李宗賢,富邦悍將,現役,https://cpbl.com.tw/team/person?acnt=0000001473,CPBL 官方球員點將錄
2026,0000005561,李建勳,富邦悍將,現役,https://cpbl.com.tw/team/person?acnt=0000005561,CPBL 官方球員點將錄
2026,0000007577,李斯特,富邦悍將,自主培訓或尚未註冊（二軍）,https://cpbl.com.tw/team/person?acnt=0000007577,CPBL 官方球員點將錄
2026,0000006739,李東洺,富邦悍將,現役,https://cpbl.com.tw/team/person?acnt=0000006739,CPBL 官方球員點將錄
2026,0000007093,李祐賢,富邦悍將,合約所屬球員（二軍）,https://cpbl.com.tw/team/person?acnt=0000007093,CPBL 官方球員點將錄
2026,0000003339,林哲瑄,富邦悍將,註銷註冊（二軍）,https://cpbl.com.tw/team/person?acnt=0000003339,CPBL 官方球員點將錄
2026,0000007090,林家勝,富邦悍將,現役,https://cpbl.com.tw/team/person?acnt=0000007090,CPBL 官方球員點將錄
2026,0000001606,林岱安,富邦悍將,現役,https://cpbl.com.tw/team/person?acnt=0000001606,CPBL 官方球員點將錄
2026,0000006872,林岳谷,富邦悍將,現役,https://cpbl.com.tw/team/person?acnt=0000006872,CPBL 官方球員點將錄
2026,0000001754,林書逸,富邦悍將,現役,https://cpbl.com.tw/team/person?acnt=0000001754,CPBL 官方球員點將錄
2026,0000006870,林栚呈,富邦悍將,現役,https://cpbl.com.tw/team/person?acnt=0000006870,CPBL 官方球員點將錄
2026,0000005510,林澤彬,富邦悍將,現役,https://cpbl.com.tw/team/person?acnt=0000005510,CPBL 官方球員點將錄
2026,0000007031,林莛淯,富邦悍將,合約所屬球員（二軍）,https://cpbl.com.tw/team/person?acnt=0000007031,CPBL 官方球員點將錄
2026,0000007297,楊泯貽,富邦悍將,現役,https://cpbl.com.tw/team/person?acnt=0000007297,CPBL 官方球員點將錄
2026,0000007576,楊笑虎,富邦悍將,自主培訓或尚未註冊（二軍）,https://cpbl.com.tw/team/person?acnt=0000007576,CPBL 官方球員點將錄
2026,0000004628,歐書誠,富邦悍將,合約所屬球員（二軍）,https://cpbl.com.tw/team/person?acnt=0000004628,CPBL 官方球員點將錄
2026,0000005479,江國豪,富邦悍將,現役,https://cpbl.com.tw/team/person?acnt=0000005479,CPBL 官方球員點將錄
2026,0000007594,江庭毅,富邦悍將,合約所屬球員（二軍）,https://cpbl.com.tw/team/person?acnt=0000007594,CPBL 官方球員點將錄
2026,0000006806,池恩齊,富邦悍將,現役,https://cpbl.com.tw/team/person?acnt=0000006806,CPBL 官方球員點將錄
2026,0000000368,游霆崴,富邦悍將,現役,https://cpbl.com.tw/team/person?acnt=0000000368,CPBL 官方球員點將錄
2026,0000006863,潘奕誠,富邦悍將,合約所屬球員（二軍）,https://cpbl.com.tw/team/person?acnt=0000006863,CPBL 官方球員點將錄
2026,0000006810,潘瑋祥,富邦悍將,合約所屬球員（二軍）,https://cpbl.com.tw/team/person?acnt=0000006810,CPBL 官方球員點將錄
2026,0000007568,王偉軒,富邦悍將,現役,https://cpbl.com.tw/team/person?acnt=0000007568,CPBL 官方球員點將錄
2026,0000003211,王勝偉,富邦悍將,現役,https://cpbl.com.tw/team/person?acnt=0000003211,CPBL 官方球員點將錄
2026,0000007595,王君佑,富邦悍將,現役,https://cpbl.com.tw/team/person?acnt=0000007595,CPBL 官方球員點將錄
2026,0000007089,王念好,富邦悍將,現役,https://cpbl.com.tw/team/person?acnt=0000007089,CPBL 官方球員點將錄
2026,0000002305,王正棠,富邦悍將,現役,https://cpbl.com.tw/team/person?acnt=0000002305,CPBL 官方球員點將錄
2026,0000002347,王浩原,富邦悍將,現役,https://cpbl.com.tw/team/person?acnt=0000002347,CPBL 官方球員點將錄
2026,0000006736,王苡丞,富邦悍將,現役,https://cpbl.com.tw/team/person?acnt=0000006736,CPBL 官方球員點將錄
2026,0000007804,瑪帝斯,富邦悍將,現役,https://cpbl.com.tw/team/person?acnt=0000007804,CPBL 官方球員點將錄
2026,0000000362,申皓瑋,富邦悍將,現役,https://cpbl.com.tw/team/person?acnt=0000000362,CPBL 官方球員點將錄
2026,0000007298,盧柏華,富邦悍將,現役,https://cpbl.com.tw/team/person?acnt=0000007298,CPBL 官方球員點將錄
2026,0000007593,石梓霖,富邦悍將,現役,https://cpbl.com.tw/team/person?acnt=0000007593,CPBL 官方球員點將錄
2026,0000005336,童堉誠,富邦悍將,現役,https://cpbl.com.tw/team/person?acnt=0000005336,CPBL 官方球員點將錄
2026,0000001404,羅華韋,富邦悍將,合約所屬球員（二軍）,https://cpbl.com.tw/team/person?acnt=0000001404,CPBL 官方球員點將錄
2026,0000002352,范國宸,富邦悍將,現役,https://cpbl.com.tw/team/person?acnt=0000002352,CPBL 官方球員點將錄
2026,0000004632,范柏絜,富邦悍將,合約所屬球員（二軍）,https://cpbl.com.tw/team/person?acnt=0000004632,CPBL 官方球員點將錄
2026,0000006229,葉子霆,富邦悍將,現役,https://cpbl.com.tw/team/person?acnt=0000006229,CPBL 官方球員點將錄
2026,0000006737,董子恩,富邦悍將,現役,https://cpbl.com.tw/team/person?acnt=0000006737,CPBL 官方球員點將錄
2026,0000006861,蔡佳諺,富邦悍將,現役,https://cpbl.com.tw/team/person?acnt=0000006861,CPBL 官方球員點將錄
2026,0000007578,蔡袁華辰,富邦悍將,現役,https://cpbl.com.tw/team/person?acnt=0000007578,CPBL 官方球員點將錄
2026,0000004622,蕭憶銘,富邦悍將,合約所屬球員（二軍）,https://cpbl.com.tw/team/person?acnt=0000004622,CPBL 官方球員點將錄
2026,0000005284,藍愷青,富邦悍將,合約所屬球員（二軍）,https://cpbl.com.tw/team/person?acnt=0000005284,CPBL 官方球員點將錄
2026,0000006909,豊暐,富邦悍將,現役,https://cpbl.com.tw/team/person?acnt=0000006909,CPBL 官方球員點將錄
2026,0000003292,賴鴻誠,富邦悍將,現役,https://cpbl.com.tw/team/person?acnt=0000003292,CPBL 官方球員點將錄
2026,0000005496,辛元旭,富邦悍將,現役,https://cpbl.com.tw/team/person?acnt=0000005496,CPBL 官方球員點將錄
2026,0000006864,郭泰呈,富邦悍將,合約所屬球員（二軍）,https://cpbl.com.tw/team/person?acnt=0000006864,CPBL 官方球員點將錄
2026,0000007043,鄭昭誠,富邦悍將,合約所屬球員（二軍）,https://cpbl.com.tw/team/person?acnt=0000007043,CPBL 官方球員點將錄
2026,0000007228,鈴木駿輔,富邦悍將,現役,https://cpbl.com.tw/team/person?acnt=0000007228,CPBL 官方球員點將錄
2026,0000007783,阿部雄大,富邦悍將,註銷註冊（二軍）,https://cpbl.com.tw/team/person?acnt=0000007783,CPBL 官方球員點將錄
2026,0000000363,陳仕朋,富邦悍將,現役,https://cpbl.com.tw/team/person?acnt=0000000363,CPBL 官方球員點將錄
2026,0000007299,陳品宏,富邦悍將,現役,https://cpbl.com.tw/team/person?acnt=0000007299,CPBL 官方球員點將錄
2026,0000007094,陳愷佑,富邦悍將,現役,https://cpbl.com.tw/team/person?acnt=0000007094,CPBL 官方球員點將錄
2026,0000005310,陳真,富邦悍將,現役,https://cpbl.com.tw/team/person?acnt=0000005310,CPBL 官方球員點將錄
2026,0000007041,陳聖文,富邦悍將,合約所屬球員（二軍）,https://cpbl.com.tw/team/person?acnt=0000007041,CPBL 官方球員點將錄
2026,0000007295,陳鐿中,富邦悍將,現役,https://cpbl.com.tw/team/person?acnt=0000007295,CPBL 官方球員點將錄
2026,0000006220,馬鋼,富邦悍將,合約所屬球員（二軍）,https://cpbl.com.tw/team/person?acnt=0000006220,CPBL 官方球員點將錄
2026,0000001118,高國麟,富邦悍將,現役,https://cpbl.com.tw/team/person?acnt=0000001118,CPBL 官方球員點將錄
2026,0000007596,高慶麟,富邦悍將,合約所屬球員（二軍）,https://cpbl.com.tw/team/person?acnt=0000007596,CPBL 官方球員點將錄
2026,0000007091,高捷,富邦悍將,現役,https://cpbl.com.tw/team/person?acnt=0000007091,CPBL 官方球員點將錄
2026,0000006749,魔力藍,富邦悍將,現役,https://cpbl.com.tw/team/person?acnt=0000006749,CPBL 官方球員點將錄
2026,0000006871,黃保羅,富邦悍將,現役,https://cpbl.com.tw/team/person?acnt=0000006871,CPBL 官方球員點將錄
2026,0000006233,黃兆維,富邦悍將,合約所屬球員（二軍）,https://cpbl.com.tw/team/person?acnt=0000006233,CPBL 官方球員點將錄
2026,0000006865,黃子宸,富邦悍將,合約所屬球員（二軍）,https://cpbl.com.tw/team/person?acnt=0000006865,CPBL 官方球員點將錄
2026,0000007802,黃宇昇,富邦悍將,自主培訓或尚未註冊（二軍）,https://cpbl.com.tw/team/person?acnt=0000007802,CPBL 官方球員點將錄
2026,0000007296,黃英奇,富邦悍將,合約所屬球員（二軍）,https://cpbl.com.tw/team/person?acnt=0000007296,CPBL 官方球員點將錄
2026,0000007267,黃騰威,富邦悍將,現役,https://cpbl.com.tw/team/person?acnt=0000007267,CPBL 官方球員點將錄
2026,0000002858,京山將彌,樂天桃猿,自主培訓或尚未註冊（二軍）,https://cpbl.com.tw/team/person?acnt=0000002858,CPBL 官方球員點將錄
2026,0000007288,何品室融,樂天桃猿,現役,https://cpbl.com.tw/team/person?acnt=0000007288,CPBL 官方球員點將錄
2026,0000003563,余德龍,樂天桃猿,現役,https://cpbl.com.tw/team/person?acnt=0000003563,CPBL 官方球員點將錄
2026,0000007614,余新喆,樂天桃猿,合約所屬球員（二軍）,https://cpbl.com.tw/team/person?acnt=0000007614,CPBL 官方球員點將錄
2026,0000007018,劉子杰,樂天桃猿,現役,https://cpbl.com.tw/team/person?acnt=0000007018,CPBL 官方球員點將錄
2026,0000006860,劉家翔,樂天桃猿,現役,https://cpbl.com.tw/team/person?acnt=0000006860,CPBL 官方球員點將錄
2026,0000007612,劉曜維,樂天桃猿,合約所屬球員（二軍）,https://cpbl.com.tw/team/person?acnt=0000007612,CPBL 官方球員點將錄
2026,0000007830,吳柏霆,樂天桃猿,合約所屬球員（二軍）,https://cpbl.com.tw/team/person?acnt=0000007830,CPBL 官方球員點將錄
2026,0000007317,呂承諺,樂天桃猿,合約所屬球員（二軍）,https://cpbl.com.tw/team/person?acnt=0000007317,CPBL 官方球員點將錄
2026,0000005372,呂詠臻,樂天桃猿,現役,https://cpbl.com.tw/team/person?acnt=0000005372,CPBL 官方球員點將錄
2026,0000004032,嚴宏鈞,樂天桃猿,現役,https://cpbl.com.tw/team/person?acnt=0000004032,CPBL 官方球員點將錄
2026,0000007822,威克,樂天桃猿,現役,https://cpbl.com.tw/team/person?acnt=0000007822,CPBL 官方球員點將錄
2026,0000007062,威能帝,樂天桃猿,現役,https://cpbl.com.tw/team/person?acnt=0000007062,CPBL 官方球員點將錄
2026,0000006854,宋嘉翔,樂天桃猿,現役,https://cpbl.com.tw/team/person?acnt=0000006854,CPBL 官方球員點將錄
2026,0000000158,廖健富,樂天桃猿,合約所屬球員（二軍）,https://cpbl.com.tw/team/person?acnt=0000000158,CPBL 官方球員點將錄
2026,0000007477,張家豪,樂天桃猿,自主培訓或尚未註冊（二軍）,https://cpbl.com.tw/team/person?acnt=0000007477,CPBL 官方球員點將錄
2026,0000007312,張趙紘,樂天桃猿,現役,https://cpbl.com.tw/team/person?acnt=0000007312,CPBL 官方球員點將錄
2026,0000002282,張閔勛,樂天桃猿,現役,https://cpbl.com.tw/team/person?acnt=0000002282,CPBL 官方球員點將錄
2026,0000000159,成晉,樂天桃猿,現役,https://cpbl.com.tw/team/person?acnt=0000000159,CPBL 官方球員點將錄
2026,0000007313,曾冠傑,樂天桃猿,現役,https://cpbl.com.tw/team/person?acnt=0000007313,CPBL 官方球員點將錄
2026,0000007074,曾家輝,樂天桃猿,現役,https://cpbl.com.tw/team/person?acnt=0000007074,CPBL 官方球員點將錄
2026,0000000128,朱承洋,樂天桃猿,註銷註冊（二軍）,https://cpbl.com.tw/team/person?acnt=0000000128,CPBL 官方球員點將錄
2026,0000007076,李勛傑,樂天桃猿,現役,https://cpbl.com.tw/team/person?acnt=0000007076,CPBL 官方球員點將錄
2026,0000006954,李家明,樂天桃猿,合約所屬球員（二軍）,https://cpbl.com.tw/team/person?acnt=0000006954,CPBL 官方球員點將錄
2026,0000007615,李柏毓,樂天桃猿,現役,https://cpbl.com.tw/team/person?acnt=0000007615,CPBL 官方球員點將錄
2026,0000007078,杜禹鋒,樂天桃猿,現役,https://cpbl.com.tw/team/person?acnt=0000007078,CPBL 官方球員點將錄
2026,0000001618,林子偉,樂天桃猿,現役,https://cpbl.com.tw/team/person?acnt=0000001618,CPBL 官方球員點將錄
2026,0000006237,林子崴,樂天桃猿,現役,https://cpbl.com.tw/team/person?acnt=0000006237,CPBL 官方球員點將錄
2026,0000000153,林承飛,樂天桃猿,現役,https://cpbl.com.tw/team/person?acnt=0000000153,CPBL 官方球員點將錄
2026,0000006235,林政華,樂天桃猿,現役,https://cpbl.com.tw/team/person?acnt=0000006235,CPBL 官方球員點將錄
2026,0000003345,林智平,樂天桃猿,現役,https://cpbl.com.tw/team/person?acnt=0000003345,CPBL 官方球員點將錄
2026,0000003467,林泓育,樂天桃猿,現役,https://cpbl.com.tw/team/person?acnt=0000003467,CPBL 官方球員點將錄
2026,0000006853,林禹叡,樂天桃猿,現役,https://cpbl.com.tw/team/person?acnt=0000006853,CPBL 官方球員點將錄
2026,0000002286,林立,樂天桃猿,現役,https://cpbl.com.tw/team/person?acnt=0000002286,CPBL 官方球員點將錄
2026,0000007072,林華偉,樂天桃猿,合約所屬球員（二軍）,https://cpbl.com.tw/team/person?acnt=0000007072,CPBL 官方球員點將錄
2026,0000000132,梁家榮,樂天桃猿,現役,https://cpbl.com.tw/team/person?acnt=0000000132,CPBL 官方球員點將錄
2026,0000004629,楊彬,樂天桃猿,合約所屬球員（二軍）,https://cpbl.com.tw/team/person?acnt=0000004629,CPBL 官方球員點將錄
2026,0000007793,榊原元稀,樂天桃猿,註銷註冊（二軍）,https://cpbl.com.tw/team/person?acnt=0000007793,CPBL 官方球員點將錄
2026,0000005536,歐晉,樂天桃猿,現役,https://cpbl.com.tw/team/person?acnt=0000005536,CPBL 官方球員點將錄
2026,0000006718,毛英傑,樂天桃猿,現役,https://cpbl.com.tw/team/person?acnt=0000006718,CPBL 官方球員點將錄
2026,0000006859,洪敏暘,樂天桃猿,合約所屬球員（二軍）,https://cpbl.com.tw/team/person?acnt=0000006859,CPBL 官方球員點將錄
2026,0000007315,游承勳,樂天桃猿,現役,https://cpbl.com.tw/team/person?acnt=0000007315,CPBL 官方球員點將錄
2026,0000007619,王奕翔,樂天桃猿,現役,https://cpbl.com.tw/team/person?acnt=0000007619,CPBL 官方球員點將錄
2026,0000007314,王宇翔,樂天桃猿,合約所屬球員（二軍）,https://cpbl.com.tw/team/person?acnt=0000007314,CPBL 官方球員點將錄
2026,0000006228,王志煊,樂天桃猿,現役,https://cpbl.com.tw/team/person?acnt=0000006228,CPBL 官方球員點將錄
2026,0000007047,盧冠宇,樂天桃猿,現役,https://cpbl.com.tw/team/person?acnt=0000007047,CPBL 官方球員點將錄
2026,0000006857,舒治浩,樂天桃猿,現役,https://cpbl.com.tw/team/person?acnt=0000006857,CPBL 官方球員點將錄
2026,0000006906,艾菩樂,樂天桃猿,現役,https://cpbl.com.tw/team/person?acnt=0000006906,CPBL 官方球員點將錄
2026,0000007772,莊孟源,樂天桃猿,現役,https://cpbl.com.tw/team/person?acnt=0000007772,CPBL 官方球員點將錄
2026,0000007831,莊承翰,樂天桃猿,合約所屬球員（二軍）,https://cpbl.com.tw/team/person?acnt=0000007831,CPBL 官方球員點將錄
2026,0000005509,莊昕諺,樂天桃猿,現役,https://cpbl.com.tw/team/person?acnt=0000005509,CPBL 官方球員點將錄
2026,0000006856,董順傑,樂天桃猿,現役,https://cpbl.com.tw/team/person?acnt=0000006856,CPBL 官方球員點將錄
2026,0000005558,蘇俊璋,樂天桃猿,現役,https://cpbl.com.tw/team/person?acnt=0000005558,CPBL 官方球員點將錄
2026,0000007589,許賀捷,樂天桃猿,現役,https://cpbl.com.tw/team/person?acnt=0000007589,CPBL 官方球員點將錄
2026,0000007316,賴威誠,樂天桃猿,現役,https://cpbl.com.tw/team/person?acnt=0000007316,CPBL 官方球員點將錄
2026,0000007073,賴胤豪,樂天桃猿,現役,https://cpbl.com.tw/team/person?acnt=0000007073,CPBL 官方球員點將錄
2026,0000007806,道威聖,樂天桃猿,現役,https://cpbl.com.tw/team/person?acnt=0000007806,CPBL 官方球員點將錄
2026,0000006234,邱勝宥,樂天桃猿,現役,https://cpbl.com.tw/team/person?acnt=0000006234,CPBL 官方球員點將錄
2026,0000006855,邱緯綸,樂天桃猿,現役,https://cpbl.com.tw/team/person?acnt=0000006855,CPBL 官方球員點將錄
2026,0000006770,邱邦,樂天桃猿,現役,https://cpbl.com.tw/team/person?acnt=0000006770,CPBL 官方球員點將錄
2026,0000007075,邱鑫,樂天桃猿,現役,https://cpbl.com.tw/team/person?acnt=0000007075,CPBL 官方球員點將錄
2026,0000006720,邱駿威,樂天桃猿,現役,https://cpbl.com.tw/team/person?acnt=0000006720,CPBL 官方球員點將錄
2026,0000007077,郭玟毅,樂天桃猿,合約所屬球員（二軍）,https://cpbl.com.tw/team/person?acnt=0000007077,CPBL 官方球員點將錄
2026,0000007829,鄭鈞澤,樂天桃猿,合約所屬球員（二軍）,https://cpbl.com.tw/team/person?acnt=0000007829,CPBL 官方球員點將錄
2026,0000007616,鍾亦恩,樂天桃猿,合約所屬球員（二軍）,https://cpbl.com.tw/team/person?acnt=0000007616,CPBL 官方球員點將錄
2026,0000006714,鍾玉成,樂天桃猿,現役,https://cpbl.com.tw/team/person?acnt=0000006714,CPBL 官方球員點將錄
2026,0000007617,陳世展,樂天桃猿,合約所屬球員（二軍）,https://cpbl.com.tw/team/person?acnt=0000007617,CPBL 官方球員點將錄
2026,0000006858,陳佳樂,樂天桃猿,現役,https://cpbl.com.tw/team/person?acnt=0000006858,CPBL 官方球員點將錄
2026,0000004624,陳克羿,樂天桃猿,現役,https://cpbl.com.tw/team/person?acnt=0000004624,CPBL 官方球員點將錄
2026,0000000941,陳冠宇,樂天桃猿,現役,https://cpbl.com.tw/team/person?acnt=0000000941,CPBL 官方球員點將錄
2026,0000007803,陳昱安,樂天桃猿,自主培訓或尚未註冊（二軍）,https://cpbl.com.tw/team/person?acnt=0000007803,CPBL 官方球員點將錄
2026,0000004633,陳晨威,樂天桃猿,現役,https://cpbl.com.tw/team/person?acnt=0000004633,CPBL 官方球員點將錄
2026,0000000779,陳柏豪,樂天桃猿,註銷註冊（二軍）,https://cpbl.com.tw/team/person?acnt=0000000779,CPBL 官方球員點將錄
2026,0000007828,陳趙羿勲,樂天桃猿,合約所屬球員（二軍）,https://cpbl.com.tw/team/person?acnt=0000007828,CPBL 官方球員點將錄
2026,0000006240,馬傑森,樂天桃猿,現役,https://cpbl.com.tw/team/person?acnt=0000006240,CPBL 官方球員點將錄
2026,0000007790,魔爾曼,樂天桃猿,註銷註冊（二軍）,https://cpbl.com.tw/team/person?acnt=0000007790,CPBL 官方球員點將錄
2026,0000007789,麥斯威尼,樂天桃猿,註銷註冊（二軍）,https://cpbl.com.tw/team/person?acnt=0000007789,CPBL 官方球員點將錄
2026,0000006213,何恆佑,統一7-ELEVEn獅,現役,https://cpbl.com.tw/team/person?acnt=0000006213,CPBL 官方球員點將錄
2026,0000006955,余羿賢,統一7-ELEVEn獅,現役,https://cpbl.com.tw/team/person?acnt=0000006955,CPBL 官方球員點將錄
2026,0000007291,全紹凱,統一7-ELEVEn獅,現役,https://cpbl.com.tw/team/person?acnt=0000007291,CPBL 官方球員點將錄
2026,0000006222,劉予承,統一7-ELEVEn獅,現役,https://cpbl.com.tw/team/person?acnt=0000006222,CPBL 官方球員點將錄
2026,0000004637,劉軒荅,統一7-ELEVEn獅,現役,https://cpbl.com.tw/team/person?acnt=0000004637,CPBL 官方球員點將錄
2026,0000005482,吳承諭,統一7-ELEVEn獅,現役,https://cpbl.com.tw/team/person?acnt=0000005482,CPBL 官方球員點將錄
2026,0000007602,吳柏賢,統一7-ELEVEn獅,現役,https://cpbl.com.tw/team/person?acnt=0000007602,CPBL 官方球員點將錄
2026,0000007606,吳紹遠,統一7-ELEVEn獅,註銷註冊（二軍）,https://cpbl.com.tw/team/person?acnt=0000007606,CPBL 官方球員點將錄
2026,0000007063,周彥農,統一7-ELEVEn獅,現役,https://cpbl.com.tw/team/person?acnt=0000007063,CPBL 官方球員點將錄
2026,0000007600,哀宥宇,統一7-ELEVEn獅,合約所屬球員（二軍）,https://cpbl.com.tw/team/person?acnt=0000007600,CPBL 官方球員點將錄
2026,0000007778,喬登,統一7-ELEVEn獅,現役,https://cpbl.com.tw/team/person?acnt=0000007778,CPBL 官方球員點將錄
2026,0000005282,姚杰宏,統一7-ELEVEn獅,現役,https://cpbl.com.tw/team/person?acnt=0000005282,CPBL 官方球員點將錄
2026,0000006849,尹柏淮,統一7-ELEVEn獅,合約所屬球員（二軍）,https://cpbl.com.tw/team/person?acnt=0000006849,CPBL 官方球員點將錄
2026,0000005731,布雷克,統一7-ELEVEn獅,現役,https://cpbl.com.tw/team/person?acnt=0000005731,CPBL 官方球員點將錄
2026,0000004627,張偉聖,統一7-ELEVEn獅,現役,https://cpbl.com.tw/team/person?acnt=0000004627,CPBL 官方球員點將錄
2026,0000007290,張宥謙,統一7-ELEVEn獅,現役,https://cpbl.com.tw/team/person?acnt=0000007290,CPBL 官方球員點將錄
2026,0000007037,張皓崴,統一7-ELEVEn獅,現役,https://cpbl.com.tw/team/person?acnt=0000007037,CPBL 官方球員點將錄
2026,0000006716,張翔,統一7-ELEVEn獅,現役,https://cpbl.com.tw/team/person?acnt=0000006716,CPBL 官方球員點將錄
2026,0000005565,張聖豪,統一7-ELEVEn獅,合約所屬球員（二軍）,https://cpbl.com.tw/team/person?acnt=0000005565,CPBL 官方球員點將錄
2026,0000007036,戴伯丞,統一7-ELEVEn獅,現役,https://cpbl.com.tw/team/person?acnt=0000007036,CPBL 官方球員點將錄
2026,0000007604,曾偉喆,統一7-ELEVEn獅,合約所屬球員（二軍）,https://cpbl.com.tw/team/person?acnt=0000007604,CPBL 官方球員點將錄
2026,0000007781,朱柏翰,統一7-ELEVEn獅,合約所屬球員（二軍）,https://cpbl.com.tw/team/person?acnt=0000007781,CPBL 官方球員點將錄
2026,0000005522,朱迦恩,統一7-ELEVEn獅,現役,https://cpbl.com.tw/team/person?acnt=0000005522,CPBL 官方球員點將錄
2026,0000004641,李丞齡,統一7-ELEVEn獅,現役,https://cpbl.com.tw/team/person?acnt=0000004641,CPBL 官方球員點將錄
2026,0000006127,李其峰,統一7-ELEVEn獅,現役,https://cpbl.com.tw/team/person?acnt=0000006127,CPBL 官方球員點將錄
2026,0000006711,李承鴻,統一7-ELEVEn獅,註銷註冊（二軍）,https://cpbl.com.tw/team/person?acnt=0000006711,CPBL 官方球員點將錄
2026,0000007292,李軍,統一7-ELEVEn獅,現役,https://cpbl.com.tw/team/person?acnt=0000007292,CPBL 官方球員點將錄
2026,0000007070,林佳緯,統一7-ELEVEn獅,現役,https://cpbl.com.tw/team/person?acnt=0000007070,CPBL 官方球員點將錄
2026,0000006210,林原裕,統一7-ELEVEn獅,合約所屬球員（二軍）,https://cpbl.com.tw/team/person?acnt=0000006210,CPBL 官方球員點將錄
2026,0000006851,林培緯,統一7-ELEVEn獅,現役,https://cpbl.com.tw/team/person?acnt=0000006851,CPBL 官方球員點將錄
2026,0000002695,林子崴,統一7-ELEVEn獅,現役,https://cpbl.com.tw/team/person?acnt=0000002695,CPBL 官方球員點將錄
2026,0000006223,林子豪,統一7-ELEVEn獅,現役,https://cpbl.com.tw/team/person?acnt=0000006223,CPBL 官方球員點將錄
2026,0000007294,林易霆,統一7-ELEVEn獅,現役,https://cpbl.com.tw/team/person?acnt=0000007294,CPBL 官方球員點將錄
2026,0000007071,林泓弦,統一7-ELEVEn獅,現役,https://cpbl.com.tw/team/person?acnt=0000007071,CPBL 官方球員點將錄
2026,0000001339,林祖傑,統一7-ELEVEn獅,現役,https://cpbl.com.tw/team/person?acnt=0000001339,CPBL 官方球員點將錄
2026,0000006848,林詔恩,統一7-ELEVEn獅,現役,https://cpbl.com.tw/team/person?acnt=0000006848,CPBL 官方球員點將錄
2026,0000004642,林靖凱,統一7-ELEVEn獅,現役,https://cpbl.com.tw/team/person?acnt=0000004642,CPBL 官方球員點將錄
2026,0000003645,柯育民,統一7-ELEVEn獅,現役,https://cpbl.com.tw/team/person?acnt=0000003645,CPBL 官方球員點將錄
2026,0000006712,楊孟沅,統一7-ELEVEn獅,合約所屬球員（二軍）,https://cpbl.com.tw/team/person?acnt=0000006712,CPBL 官方球員點將錄
2026,0000006740,楊強森,統一7-ELEVEn獅,現役,https://cpbl.com.tw/team/person?acnt=0000006740,CPBL 官方球員點將錄
2026,0000001412,江少慶,統一7-ELEVEn獅,現役,https://cpbl.com.tw/team/person?acnt=0000001412,CPBL 官方球員點將錄
2026,0000003620,江承峰,統一7-ELEVEn獅,現役,https://cpbl.com.tw/team/person?acnt=0000003620,CPBL 官方球員點將錄
2026,0000002707,潘傑楷,統一7-ELEVEn獅,現役,https://cpbl.com.tw/team/person?acnt=0000002707,CPBL 官方球員點將錄
2026,0000006843,潘磊,統一7-ELEVEn獅,現役,https://cpbl.com.tw/team/person?acnt=0000006843,CPBL 官方球員點將錄
2026,0000007597,獅帝芬,統一7-ELEVEn獅,現役,https://cpbl.com.tw/team/person?acnt=0000007597,CPBL 官方球員點將錄
2026,0000007605,王翾祐,統一7-ELEVEn獅,現役,https://cpbl.com.tw/team/person?acnt=0000007605,CPBL 官方球員點將錄
2026,0000003393,王鏡銘,統一7-ELEVEn獅,現役,https://cpbl.com.tw/team/person?acnt=0000003393,CPBL 官方球員點將錄
2026,0000006847,田子杰,統一7-ELEVEn獅,現役,https://cpbl.com.tw/team/person?acnt=0000006847,CPBL 官方球員點將錄
2026,0000001719,胡智爲,統一7-ELEVEn獅,現役,https://cpbl.com.tw/team/person?acnt=0000001719,CPBL 官方球員點將錄
2026,0000001474,蘇智傑,統一7-ELEVEn獅,現役,https://cpbl.com.tw/team/person?acnt=0000001474,CPBL 官方球員點將錄
2026,0000005306,許哲晏,統一7-ELEVEn獅,現役,https://cpbl.com.tw/team/person?acnt=0000005306,CPBL 官方球員點將錄
2026,0000007061,辛俊昇,統一7-ELEVEn獅,現役,https://cpbl.com.tw/team/person?acnt=0000007061,CPBL 官方球員點將錄
2026,0000005531,邱智呈,統一7-ELEVEn獅,現役,https://cpbl.com.tw/team/person?acnt=0000005531,CPBL 官方球員點將錄
2026,0000000998,邱浩鈞,統一7-ELEVEn獅,現役,https://cpbl.com.tw/team/person?acnt=0000000998,CPBL 官方球員點將錄
2026,0000001260,郭俊麟,統一7-ELEVEn獅,現役,https://cpbl.com.tw/team/person?acnt=0000001260,CPBL 官方球員點將錄
2026,0000006850,鄭副豪,統一7-ELEVEn獅,現役,https://cpbl.com.tw/team/person?acnt=0000006850,CPBL 官方球員點將錄
2026,0000007044,鄭澔,統一7-ELEVEn獅,現役,https://cpbl.com.tw/team/person?acnt=0000007044,CPBL 官方球員點將錄
2026,0000002276,鄭鈞仁,統一7-ELEVEn獅,現役,https://cpbl.com.tw/team/person?acnt=0000002276,CPBL 官方球員點將錄
2026,0000006295,銳力獅,統一7-ELEVEn獅,現役,https://cpbl.com.tw/team/person?acnt=0000006295,CPBL 官方球員點將錄
2026,0000007293,鍾允華,統一7-ELEVEn獅,現役,https://cpbl.com.tw/team/person?acnt=0000007293,CPBL 官方球員點將錄
2026,0000001804,陳傑憲,統一7-ELEVEn獅,現役,https://cpbl.com.tw/team/person?acnt=0000001804,CPBL 官方球員點將錄
2026,0000007599,陳定均,統一7-ELEVEn獅,合約所屬球員（二軍）,https://cpbl.com.tw/team/person?acnt=0000007599,CPBL 官方球員點將錄
2026,0000007009,陳維祥,統一7-ELEVEn獅,合約所屬球員（二軍）,https://cpbl.com.tw/team/person?acnt=0000007009,CPBL 官方球員點將錄
2026,0000007268,陳聖平,統一7-ELEVEn獅,現役,https://cpbl.com.tw/team/person?acnt=0000007268,CPBL 官方球員點將錄
2026,0000002289,陳重廷,統一7-ELEVEn獅,現役,https://cpbl.com.tw/team/person?acnt=0000002289,CPBL 官方球員點將錄
2026,0000002298,陳重羽,統一7-ELEVEn獅,現役,https://cpbl.com.tw/team/person?acnt=0000002298,CPBL 官方球員點將錄
2026,0000002661,陳鏞基,統一7-ELEVEn獅,現役,https://cpbl.com.tw/team/person?acnt=0000002661,CPBL 官方球員點將錄
2026,0000002688,陳韻文,統一7-ELEVEn獅,現役,https://cpbl.com.tw/team/person?acnt=0000002688,CPBL 官方球員點將錄
2026,0000005315,高偉強,統一7-ELEVEn獅,現役,https://cpbl.com.tw/team/person?acnt=0000005315,CPBL 官方球員點將錄
2026,0000006818,髙塩將樹,統一7-ELEVEn獅,現役,https://cpbl.com.tw/team/person?acnt=0000006818,CPBL 官方球員點將錄
2026,0000007601,黃天賜,統一7-ELEVEn獅,合約所屬球員（二軍）,https://cpbl.com.tw/team/person?acnt=0000007601,CPBL 官方球員點將錄
2026,0000002303,黃竣彥,統一7-ELEVEn獅,現役,https://cpbl.com.tw/team/person?acnt=0000002303,CPBL 官方球員點將錄
